"Generic Name","Agent (Preferred Name)","Alias Names","Originator","NSC Number","CAS #","Target","Type","Project Code","Included on the Investigational Drug Plate","Assigned Status:      Purchase/Synthesis","Contractor","Status: Assigned For Synthesis/Delivered to DTP Repository/On Order ","Date of ACQ"
,"BBOA","CPI-613","Cornerstone",766888,"95809-78-2","AEMD","Investigational","DTP-110","Yes","Purchase","SAIC","Delivered",
"Perifosine","KRX-0401","D-21266","Keryx Biopharmaceuticals",639966,"157716-52-4","Akt","Investigational","DTP-110","Yes","Purchase","Ash Stevens","Delivered",12/14/2010
,"MK-2206",,"Merck",756656,"1032350-13-2","Akt","Investigational","DTP-110","Yes","Purchase","SRI","Delivered",1/28/2011
,"CCT-128930",,"Astex",761387,"885499-61-6","Akt","Investigational","DTP-110","Yes","Purchase","RTI","Delivered",8/9/2011
,"AZD-5363",,"AstraZeneca",764039,"1143532-39-1","Akt","Investigational","DTP-110","Yes","Purchase","SAIC","Delivered",2/24/2012
,"GSK-690693 ",,"GlaxoSmithKline",766991,"937174-76-0","Akt","Investigational","DTP-110","Yes","Purchase","SAIC","Delivered",8/3/2012
,"GDC-0068","RG-7440","Roche",767898,"1001264-89-6","Akt","Investigational","DTP-110","IOA3","Synthesis","TCRS","Delivered",9/27/2012
,"PF-4176340",,"Pfizer",768070,"1004990-28-6","Akt","Investigational","DTP-110","IOA3","Purchase","SAIC","Delivered",10/11/2012
,"enantiomer of PF-4176340",,"Pfizer",768071,,"Akt","Investigational","DTP-110","IOA3","Purchase","SAIC","Delivered",10/11/2012
,"AT-13148",,"Astex",771650,"1056901-62-2","Akt/Rock/p7056k","Investigational","DTP-110","IOA3","Synthesis","TCRS","Delivered",12/17/2012
"Alectinib","CH-5424802","RG-7853","Chugai",764040,"1256589-74-8","ALK","Investigational","DTP-110","Yes","Purchase","SAIC","Delivered",2/24/2012
,"TAE-684",,"Novartis",764041,"761439-42-3","ALK","Investigational","DTP-110","Yes","Purchase","SAIC","Delivered",2/24/2012
,"CH-5428402 HCl",,"Chugai",764821,,"ALK","Investigational","DTP-110","Yes","Purchase","SAIC","Delivered",4/19/2012
,"LY-2109761",,"Eli Lilly",765632,"700874-71-1","ALK","Investigational","DTP-110","Yes","Purchase","SAIC","Delivered",5/23/2012
,"ASP-3026",,"Astellas",765865,"1097917-15-1","ALK","Investigational","DTP-110","Yes","Synthesis","Alchem","Delivered",6/12/2012
,"CEP-14083",,,766824,"1022957-12-5","ALK","Investigational","DTP-110","Yes","Synthesis","Alchem","Delivered",7/26/2012
,"SB-431542 ",,"GlaxoSmithKline",756649,"301836-41-9","Alk; TGF-β ","Investigational","DTP-110","Yes","Purchase","Starks","Delivered",2/7/2011
"Irofulven","E-7850","MGI-114","Eisai",683863,"158440-71-2","Alkylator","Investigational","DTP-110","IOA3",,,"Delivered",
,"AZD-3514",,"AstraZeneca",765776,"1240299-33-5","Androgen Receptor","Investigational","DTP-110","Yes","Purchase","SAIC","Delivered",5/31/2012
,"ARN-509",,"Aragon Pharma",771649,"956104-40-8","Androgen Receptor","Investigational","DTP-110","IOA3","Synthesis","Starks (FTE)","Delivered",12/17/2012
,"2-Fluoroadenosine",,,118218,"146-78-1","Antimetabolite","Investigational","DTP-110","IOA3","Available",,"Delivered",
"Indibulin"," ZIP-301","D-24851","ZioPharm",758489,"204205-90-3 ","Antimitotic","Investigational","DTP-110","Yes","Purchase","SRI","Delivered",4/15/2011
"Quercetin","LNS-5662",,"Limerick BioPharma",756660,"117-39-5","Antioxidant","Investigational","DTP-110","Yes","Purchase","Starks; Ash Stevens","Delivered",2/17/2011
"Quinacridine","Acrichine",,,14229,"83-89-6","Antiprotozoal","Investigational","DTP-110","IOA3",,,"Delivered",
,"ICG-001",,"Institute for Chemical Genomics",756641,"780757-88-2","Apoptotic","Investigational","DTP-110","Yes","Purchase","Ash Stevens","Delivered",1/24/2011
,"NU-6027",,"AstraZeneca",756874,"220036-08-8","ATR","Investigational","DTP-110","Yes","Purchase","Starks","Delivered",3/1/2011
,"VE-821",,"Vertex",761070,"1232410-49-9","ATR","Investigational","DTP-110","Yes","Synthesis","Starks","Delivered",7/14/2011
,"Vertex ATR inhibitor Cpd 45",739447,"Vertex",761693,"1286238-55-8","ATR","Investigational","DTP-110","Yes","Synthesis","Starks","Delivered",9/15/2011
"Barasertib","AZD-1152",,"AstraZeneca",757444,"957881-03-7","Aurora","Investigational","DTP-110","Yes","Purchase","Ash Stevens","Deliverd",3/24/2011
,"ENMD-2076","ENMD-981693","Entremed",758245,"934353-76-1","Aurora","Investigational","DTP-110","Yes","Purchase","SRI/Starks","Delivered",4/1/2011
,"SNS-314",,"Sunesis",758250,"1146618-41-8","Aurora","Investigational","DTP-110","Yes","Purchase","SRI","Delivered",4/1/2011
,"ENMD-2076 Precursor",,"Entremed",759094,"934353-75-0","Aurora","Investigational","DTP-110","Yes","Synthesis","Starks","Delivered",5/5/2011
,"CYC-116",,"Cyclacel",759498,"693228-63-6","Aurora","Investigational","DTP-110","Yes","Purchase","Starks","Delivered",5/17/2011
"Alisertib","MLN-8237 ",,"Millennium",759677,"1028486-01-2 ","Aurora","Investigational","DTP-110","Yes","Purchase","SRI","Delivered",5/24/2011
,"AMG-900",,"Amgen",761069,"945595-80-2","Aurora","Investigational","DTP-110","Yes","Synthesis","Ash Stevens","Delivered",7/15/2011
,"SCH-1473759",,"Merck",761691,"1094069-99-4","Aurora","Investigational","DTP-110","Yes","Purchase","Ash Stevens","Delivered",9/12/2011
,"TAK-901",,"Takeda",762151,"934541-31-8","Aurora","Investigational","DTP-110","Yes","Synthesis","Ash Stevens","Delivered",10/14/2011
," AS-703569 ","R-763; R-945763","EMD Serono",763930,"871357-89-0","Aurora","Investigational","DTP-110","Yes","Synthesis","Ash Stevens","Delivered",2/17/2012
"Ilorasertib","ABT-348",,"Abbott",765889,"1227939-82-3","Aurora","Investigational","DTP-110","Yes","Synthesis","Ash Stevens","Delivered",6/13/2012
,"MK-5108","VX-689","Merck",773262,"1010085-13-8","Aurora","Investigational","DTP-110","IOA3","Purchase","SAIC","Delivered",3/21/2013
,"KW-2449",,"Kyowa Hakko Kirin",759675,"1000669-72-6","Aurora; Abl; FGF; Flt-3","Investigational","DTP-110","Yes","Purchase","Starks","Delivered",5/25/2011
"Orantinib","SU-6668","TSU-68","Pfizer",763929,"252916-29-3","Aurora; FGFR; PDGFR; VEGFR","Investigational","DTP-110","Yes","Purchase","SRI","Delivered",2/29/2012
,"AT-9283",,"Astex",760144,"896466-76-5","Aurora; JAK","Investigational","DTP-110","Yes","Purchase","Starks","Delivered",6/3/2011
,"R-428",,"Rigel",765262,"1037624-75-1","Axl","Investigational","DTP-110","Yes","Synthesis","RTI","Delivered",
,"RAF-265","CHIR-265","Novartis",754357,"927880-90-8","B-Raf","Investigational","DTP-110","Yes","Synthesis","RTI","Delivered",9/1/2010
,"SB-590885",,"GlaxoSmithKline",754362,"405554-55-4","B-Raf","Investigational","DTP-110","Yes","Synthesis","Ash-Stevens","Delivered",9/1/2010
,"PLX-4720",,"Plexxikon",757438,"918505-84-7","B-Raf","Investigational","DTP-110","Yes","Purchase","RTI; Ash Stevens","Delivered",3/25/2011
" Dabrafenib","GSK-2118436B","GSK-2118436","GlaxoSmithKline",764134,"1195768-06-9","B-Raf","Investigational","DTP-110","Yes","Purchase","SAIC","Delivered",2/28/2012
,"ARQ-680",,"ArQule",764765,"1228237-45-3","B-Raf","Investigational","DTP-110","Yes","Synthesis","Alchem; LSC","Delivered",4/16/2012
,"RO-5126766","RG-7304","Roche",758248,"946128-88-7","B-Raf, MEK","Investigational","DTP-110","Yes","Purchase","SRI","Delivered",4/1/2011
,"Targegen B-Raf/PDGFR inhibitor Cpd 6",,"TargeGen",754364,"877874-85-6","B-Raf; PDGFR","Investigational","DTP-110","Yes","Synthesis","Ash Stevens","Delivered",9/1/2010
,"BAM7",,"Dana Farber",768536,"331244-89-4","BAX","Investigational","DTP-110","IOA3","Purchase","SAIC","Delivered",11/13/2012
"Obatoclax      ","GX15-070",,"Gemin X",756663,"803712-79-0","Bcl-2","Investigational","DTP-110","Yes","Purchase","Starks","Delivered",2/22/2011
,"ABT-737 ",,"Abbott Laboratories",758873,"852808-04-9","Bcl-2","Investigational","DTP-110","Yes","Purchase","Starks","Delivered",4/29/2011
" Navitoclax","ABT-263","RG-7433","Abbott Laboratories",759659,"923564-51-6","Bcl-2","Investigational","DTP-110","Yes","Purchase","Ash Stevens","Delivered",5/20/2011
,"ABT-199","GDC-0199; RG-7601","Abbott Laboratories",766270,"1257044-40-8","Bcl-2","Investigational","DTP-110","Yes","Purchase","SAIC","Delivered",7/16/2012
"(R)-(-)-Gossypol","AT-101; BL-193",,"Ascenta Therapeutics",727859,"12542-36-8","Bcl-xl","Investigational","DTP-110","Yes","Purchase",,"Delivered",1/1/2009
,"(+)-JQ1",,"Dana Farber",764043,"1268524-70-4","BET ","Investigational","DTP-110","Yes","Synthesis","Ash Stevens","Delivered",2/22/2012
,"PNU-74654",,"Pfizer",755984,"113906-27-7","beta-catenin-TCF","Investigational","DTP-110","Yes","Purchase","Ash-Stevens","Delivered",1/13/2011
,"GSK-1210151A","I-BET-151","GlaxoSmithKline",767599,"1300031-49-5","Bromodomain","Investigational","DTP-110","IOA3","Purchase","SAIC","Delivered",9/17/2012
"Ibrutinib","PCI-32765","CRA-032765","Pharmacyclics",761910,"936563-96-1","BTK","Investigational","DTP-110","Yes","Synthesis","Ash Stevens","Delivered",9/27/2011
"Lenvatinib","E-7080",,"Eisai",755980,"417716-92-8","c-Kit","Investigational","DTP-110","Yes","Purchase","Starks","Delivered",1/18/2011
"Quizartinib","AC-220","ASP-2689","Ambit Biosciences",756647,"950769-58-1","c-Kit","Investigational","DTP-110","Yes","Synthesis","Ash Stevens","Delivered",2/9/2011
"Tandutinib","MLN-518","CT-53518","Millennium",760841,"387867-13-2","c-Kit","Investigational","DTP-110","Yes","Purchase","SRI","Delivered",7/8/2011
,"OSI-930 ",,"OSI",766887," 728033-96-3","c-Kit; PDGFR; VEGFR-2","Investigational","DTP-110","Yes","Purchase","SAIC","Delivered",7/31/2012
,"AMG-458",,"Amgen",754346,"913376-83-7","c-Met","Investigational","DTP-110","Yes","Synthesis","SRI","Delivered",9/1/2010
"Tivantinib","ARQ-197",,"ArQule",758242,"1000873-98-2","c-Met","Investigational","DTP-110","Yes","Purchase","SRI; SAIC","Delivered",4/1/2011
,"EMD-1214063",,"EMD Serono",758244,"1100598-32-0","c-Met","Investigational","DTP-110","Yes","Purchase","SRI","Delivered",4/1/2011
,"SGX-523",,"SGX",758591,"1022150-57-7","c-Met","Investigational","DTP-110","Yes","Synthesis","Starks","Delivered",4/22/2011
,"JNJ-38877605",,"Johnson & Johnson",759095,"1072116-03-0","c-Met","Investigational","DTP-110","Yes","Purchase","Ash Stevens","Delivered",5/6/2011
,"MK-8033 "," ","Merck",761692,"1196681-38-5","c-Met","Investigational","DTP-110","Yes","Synthesis","Ash Stevens","Delivered",9/12/2011
,"PF-04217903",,"Pfizer",763931,"956905-27-4","c-Met","Investigational","DTP-110","Yes","Purchase","Ash Stevens","Delivered",2/15/2012
,"BMS-777607","ASLAN-002","BMS",764090,"1196681-44-3","c-Met","Investigational","DTP-110","Yes","Purchase","Ash Stevens","Delivered",2/29/2012
,"PHA-665752",,"Pfizer",766271,"477575-56-7","c-Met","Investigational","DTP-110","Yes","Purchase","SAIC","Delivered",7/16/2012
,"AMG-208",,"Amgen",766288,"1002304-34-8","c-Met","Investigational","DTP-110","Yes","Purchase","SAIC","Delivered",7/18/2012
,"EMD-1204831",,"Merck Serono",767954,"1100598-15-9","c-Met","Investigational","DTP-110","IOA3","Synthesis","LSC","Delivered",10/5/2012
,"SAR-125844",,"Sanofi",771652,"1116743-46-4","c-Met","Investigational","DTP-110","IOA3","Synthesis","LSC","Delivered",12/17/2012
,"LY-2801653",,"Eli Lilly",772197,"1206799-15-6","c-Met","Investigational","DTP-110","IOA3","Purchase","SAIC","Delivered",1/9/2013
,"S-49076",,"Servier",765672,"1266319-57-6","c-Met; FGFR","Investigational","DTP-110","Yes","Synthesis","Alchem","Delivered",5/30/2012
"Foretinib","XL-880","GSK-1363089","Exelixis",755775,"849217-64-7","c-Met; VEGFR","Investigational","DTP-110","Yes","Purchase","Starks","Delivered",1/5/2011
,"10058-F4",,"Univ Pittsburgh",764582,"403811-55-2","c-Myc","Investigational","DTP-110","Yes","Purchase","SAIC","Delivered",3/30/2012
,"10074-G5",,"Univ Pittsburgh",764609,"413611-93-5","c-Myc","Investigational","DTP-110","Yes","Purchase","SAIC","Delivered",4/3/2012
"Orteronel","TAK-700",,"Takeda",764488,"426219-23-0","C17-20 Lyase","Investigational","DTP-110","Yes","Purchase","Ash Stevens","Delivered",3/27/2012
"Odanacatib","MK-0822",,"Merck",766811,"603139-19-1","Capthepsin K","Investigational","DTP-110","Yes","Purchase","SAIC","Delivered",7/26/2012
,"Hydrastinine HCl",,,755892,"6592-85-4","Cardiotonic, uterine hemostatic","Investigational","DTP-110","IOA3","Purchase","SAIC","Delivered",2/22/2013
,"BIM-46187 ",,"Ipsen",760842,"892546-37-1","Caspase-3","Investigational","DTP-110","Yes","Synthesis","Alchem","Delivered",7/12/2011
"Salinomycin","VS-507",,"Verastem",757437,"53003-10-4","CD133","Investigational","DTP-110","Yes","Purchase","RTI","Delivered",3/23/2011
"Alvocidib","Flavopiridol","HL-275; HMR-1275; L86-8275; MDL-107826A","Sanofi",649890,"131740-09-5","CDK","Investigational","DTP-110","Yes",,,"Delivered",1/1/2009
"Seliciclib","CYC-202",,"CNRS",701554,"186692-46-6","CDK","Investigational","DTP-110","IOA3","Purchase","SAIC","Delivered",1/16/2013
"Palbociclib","PD-0332991","PD-991","Pfizer",758247,"571190-30-2","CDK","Investigational","DTP-110","Yes","Purchase","SRI","Delivered",4/1/2011
"Dinaciclib","MK-7965","SCH-727965","Merck",764036,"779353-01-4","CDK","Investigational","DTP-110","Yes","Synthesis","Starks","Delivered",2/23/2012
"Oprozomib","ONX-0912  ","PR-047","Onyx",766254,"935888-69-0","CDK","Investigational","DTP-110","IOA3","Purchase","SAIC","Delivered",7/13/2012
," BMS-387032","SNS-032","BMS",767048,"345627-92-1","CDK","Investigational","DTP-110","Yes","Purchase","SAIC","Delivered",8/15/2012
,"LY-2835219",,"Eli Lilly",768073,"1231929-97-7","CDK","Investigational","DTP-110","IOA3","Synthesis","Starks","Delivered",10/12/2012
,"R-547",,"Roche",773094,"741713-40-6","CDK","Investigational","DTP-110","IOA3","Purchase","SAIC","Delivered",3/5/2013
,"SB-1317","TG-2","S*BIO",762673,"1204918-72-8","CDK; ERK; FLT3; JAK","Investigational","DTP-110","Yes","Synthesis","Ash Stevens","Delivered",11/9/2011
,"R-1530",,"Roche",767953,"882531-87-5","CDK; FGFR; PDGFR; VEGFR","Investigational","DTP-110","IOA3","Synthesis","Alchem","Delivered",10/4/2012
,"AZD-7762 ",,"AstraZeneca",757148,"860352-01-8","Chk1","Investigational","DTP-110","Yes","Purchase","Ash-Stevens","Delivered",3/9/2011
,"LY-2606368",,"Eli Lilly",758257,"1234015-52-1","Chk1","Investigational","DTP-110","Yes","Synthesis","Starks","Delivered",4/7/2011
"Rabusertib","LY-2603618","IC-83","Eli Lilly",761188,"911222-45-2","Chk1","Investigational","DTP-110","Yes","Purchase","Ash Stevens","Delivered",7/19/2011
,"PF-477736",,"Pfizer",763444,"952021-60-2","Chk1","Investigational","DTP-110","Yes","Synthesis","Ash Stevens","Delivered","1//05/2012"
,"SCH-900776 ","MK-8776","Merck",764659,"891494-63-6","Chk1","Investigational","DTP-110","Yes","Purchase","SAIC","Delivered",4/5/2012
,"BML-277",,"JNJ",741899,"516480-79-8","Chk2","Investigational","DTP-110","IOA3","Purchase","SAIC","Delivered",
"Silmitasertib","CX-4945",,"Cylene",761193,"1009820-21-6","Chk2","Investigational","DTP-110","Yes","Purchase","Starks","Delivered",7/29/2011
,"KPT-185",,"Karyopharm",772595,"1333151-73-7","CRM1","Investigational","DTP-110","IOA3","Synthesis","TCRS","Delivered",2/13/2013
,"KPT-251",,"Karyopharm",773260,"1388841-50-6","CRM1","Investigational","DTP-110","IOA3","Synthesis","TCRS","Delivered",3/20/2013
,"JNJ-28312141",,"JNJ",754345,"1149939-55-8","CSF-1R","Investigational","DTP-110","Yes","Synthesis","SRI","Delivered",9/1/2010
,"BLZ-945",,"Novartis",758006,"953769-46-5","CSF-1R","Investigational","DTP-110","Yes","Synthesis","Starks","Delivered",3/30/2011
"Gemcitabine elaidate","CO-101","CP-4126","Clavis Pharma",765775,"210829-30-4","Cytotoxic","Investigational","DTP-110","Yes","Purchase","SAIC","Delivered",5/31/2012
"Raltitrexed","ZD-1694",,"AstraZeneca",639186,"112887-68-0","Dihydrofolate reductase","Investigational","DTP-110","Yes",,,"Delivered",
"O-6-Benzylguanine","O6-BG",,"NCI",637037,"19916-73-5","DNA alkyltransferase","Investigational","DTP-110","Yes",,,"Delivered",1/1/2009
,"Aminoflavone",,,686288,"165179-35-1","DNA damaging","Investigational","DTP-110","Yes",,,"Delivered",
,"AFP-464",,"Tigris",710464,"468719-53-1","DNA damaging","Investigational","DTP-110","Yes",,,"Delivered",1/1/2009
,"FAU",,"Nascent Pharma.",678515,"69123-94-0","DNA intercalating","Investigational","DTP-110","Yes","In DTP Inventory",,"Delivered",1/1/2009
"Afatinib","BIBW-2992",,"Boehringer Ingelheim",750691,"439081-18-2","EGFR","Investigational","DTP-110","Yes","Purchase","Ash-Stevens","Delivered",11/17/2010
,"WZ-4002",,"Dana Farber",755927,"1213269-23-8","EGFR","Investigational","DTP-110","Yes","Purchase","Starks","Delivered",1/12/2011
,"SR-13654",,"SRI",756662,"666752-22-3","EGFR","Investigational","DTP-110","Yes","Synthesis","Starks","Delivered",2/22/2011
,"AC-480","BMS-599626","BMS",764135,"714971-09-2","EGFR","Investigational","DTP-110","Yes","Purchase","SAIC","Delivered",3/9/2012
,"AP-26113",,"Ariad",761191,"1197958-36-3","EGFR; ALK","Investigational","DTP-110","Yes","Synthesis","Starks","Delivered",7/20/2011
"Neratinib","WAY-179272 ","PF-0528767","Wyeth",757439,"698387-09-6","EGFR; erbB2","Investigational","DTP-110","Yes","Purchase","Starks","Delivered",3/25/2011
"Sapitinib","AZD-8931",,"AstraZeneca",758005,"848942-61-0","EGFR; erbB2","Investigational","DTP-110","Yes","Synthesis","Starks","Delivered",3/31/2011
,"Varlitinib","ARRY-543","Array",764823,"845272-21-1","EGFR; erbB2","Investigational","DTP-110","Yes","Purchase","SAIC","Delivered",4/20/2012
"Dacomitinib","PF-299804",,"Pfizer",765888,"1110813-31-4","EGFR; erbB2","Investigational","DTP-110","Yes","Purchase","SAIC","Delivered",6/13/2012
,"AEE-788 ",,"Novartis",765949,"497839-62-0","EGFR; erbB2; VEGF","Investigational","DTP-110","Yes","Purchase","SAIC","Delivered",6/19/2012
,"BMS-690514",,"BMS",760765,"859853-30-8","EGFR; erbB2; VEGFR","Investigational","DTP-110","Yes","Purchase","Ash Stevens","Delivered",6/29/2011
,"UNC-0638",,"UNC",764517,"1255580-76-7","EHMT2","Investigational","DTP-110","Yes","Purchase","Alchem","Delivered",3/27/2012
,"ARRY-380",,"Array BioPharma",764581,"937265-83-3","erbB2","Investigational","DTP-110","Yes","Synthesis","Alchem","Delivered",3/30/2012
,"YK-4-279",,"Georgetown Univ",765436,"1037184-44-3","ERG; ETV1","Investigational","DTP-110","Yes","Purchase","SAIC","Delivered",5/16/2012
,"PF-562271",,"Pfizer",754356,"717907-75-0","FAK","Investigational","DTP-110","Yes","Synthesis","RTI","Delivered",9/1/2010
"Tipifarnib","R-115777",,"Johnson & Johnson",760444,"192185-68-5","Farnesyltransferase","Investigational","DTP-110","Yes","Purchase","Ash Stevens","Delivered",6/15/2011
"Cerulenin",,,"Daiichi Sankyo",764755,"17397-89-6","FAS","Investigational","DTP-110","Yes","Purchase","SAIC","Delivered",4/12/2012
,"C-75",,"John Hopkins",764756,"218137-86-1","FAS","Investigational","DTP-110","Yes","Purchase","SAIC","Delivered",4/12/2012
,"Astex FGF inhibitor",,"Astex",754361,"1036991-21-5","FGFR","Investigational","DTP-110","Yes","Synthesis","Ash-Stevens","Delivered",9/1/2010
,"BGJ-398","NVP-BGJ398","Novartis",764487,"872511-34-7","FGFR","Investigational","DTP-110","Yes","Synthesis","SRI","Delivered",3/26/2012
,"PD-173074",,"Pfizer",766908,"219580-11-7","FGFR","Investigational","DTP-110","Yes","Purchase","SAIC","Delivered",8/3/2012
,"LY-2874455",,"Eli Lilly",771750,"1254473-64-7","FGFR","Investigational","DTP-110","IOA3","Synthesis","TCRS","Delivered",12/21/2012
,"MK-2461",,"Merck",764580,"917879-39-1","FGFR; c-Met","Investigational","DTP-110","Yes","Synthesis","Alchem","Delivered",3/30/2012
,"AZD-4547",,"AstraZeneca",764239,"1035270-39-3","FGFR1","Investigational","DTP-110","Yes","Purchase","Ash Stevens","Delivered",3/9/2012
,"ITRI-260",,"Industrial Institute",761879,"1253836-17-7","Flt-3","Investigational","DTP-110","Yes","Synthesis","Starks","Delivered",9/23/2011
,"BPR1J-097",,"National Health Res Inst",767897,"1327167-19-0","Flt-3","Investigational","DTP-110","IOA3","Purchase","SAIC","Delivered",9/28/2012
,"VX-322",,"Vertex",771651,"885610-66-2","Flt-3","Investigational","DTP-110","IOA3","Synthesis","LSC","Delivered",12/18/2012
"Lestaurtinib","CEP-701","SP-924; SPM-924","Kyowa Hakko Kirin",772196,"111358-88-4","Flt-3, Trk","Investigational","DTP-110","IOA3","Purchase","SAIC","Delivered",1/9/2013
"Fedratinib","SAR-302503","TG-101348","Sanofi",767600,"936091-26-8","Flt-3; JAK","Investigational","DTP-110","IOA3","Purchase","SAIC","Delivered",9/17/2012
"Tempol","OT-674",,"Mitos Pharmaceuticals",142784,"2226-96-2","free-radical scavenger","Investigational","DTP-110","Yes",,,"Delivered",1/1/2009
,"PF-03084014 diastereomer 1",,"Pfizer",754348,"865773-15-5","Gamma Secretase","Investigational","DTP-110","Yes","Synthesis","Starks","Delivered",9/1/2010
,"PF-03084014 diastereomer 2",,"Pfizer",755926,"865773-15-5","Gamma Secretase","Investigational","DTP-110","Yes","Synthesis","Starks","Delivered",1/7/2011
"Semagacestat","LY-450139 ",,"Eli Lilly",755982,"425386-60-3","Gamma secretase","Investigational","DTP-110","Yes","Purchase","Ash Stevens","Delivered",1/19/2011
,"RG-4733","RO-4929097","Roche",756650,"847925-91-1","Gamma Secretase","Investigational","DTP-110","Yes","Purchase","SRI; Starks","Delivered",2/7/2011
"Avagacestat","BMS-708163",,"BMS",761217,"1146699-66-2","Gamma secretase","Investigational","DTP-110","Yes","Purchase","Starks","Delivered",8/4/2011
,"BMS-299897",,"BMS",762672,"290315-45-6","Gamma Secretase","Investigational","DTP-110","Yes","Synthesis","Starks","Delivered",11/9/2011
,"MK-0752","L-000891675","Merk",762829,"471905-41-6","Gamma Secretase","Investigational","DTP-110","Yes","Synthesis","SRI","Delivered",11/14/2011
"Pelitrexol","AG-2037",,"Pfizer",767745,"446022-33-9","GARTF","Investigational","DTP-110","IOA3","Synthesis; Purchase","Alchem; SAIC","Delivered",9/20/2012
,"Pelitrexol isomer A",,"Pfizer",772290,,"GARTF","Investigational","DTP-110","IOA3","Purchase","SAIC","Delivered",
,"Pelitrexol isomer B",,"Pfizer",772291,,"GARTF","Investigational","DTP-110","IOA3","Purchase","SAIC","Delivered",
,"CP-91149",,"Pfizer",761690,"186392-40-5 ","Glycogen phosphorylase ","Investigational","DTP-110","Yes","Synthesis","Ash Stevens","Delivered",9/14/2011
"6-Bromoindirubin-3'-Acetoxime","BIA",,"CNRS",764238,"667463-85-6","GSK-3","Investigational","DTP-110","IOA3","Purchase","SAIC","Delivered",3/9/2012
,"LY-2090314",,"Eli Lilly",772198,"603288-22-8","GSK-beta","Investigational","DTP-110","IOA3","Purchase","SAIC","Delivered",
"Ezatiostat","TLK-199",,"Telik",758484,"286942-97-0 ","GSTP1","Investigational","DTP-110","Yes","Purchase","Ash Stevens","Delivered",4/12/2011
"Entinostat","MS-275","SNDX-275","Syndax",756642,"209783-80-2","HDAC","Investigational","DTP-110","Yes","Purchase","Ash Stevens","Delivered",1/24/2011
"Pracinostat","SB-939",,"S*BIO",758249,"929016-96-6","HDAC","Investigational","DTP-110","Yes","Purchase","SRI","Delivered",4/1/2011
"Belinostat","PD-105684","PXD-101"," TopoTarget",758774,"414864-00-9","HDAC","Investigational","DTP-110","Yes","Purchase","Ash Stevens","Delivered",4/27/2011
"Quisinostat","JNJ-26481585",,"Johnson & Johnson",759657,"875320-29-9","HDAC","Investigational","DTP-110","Yes","Purchase","Starks","Delivered",5/20/2011
,"4SC-202 ",,"4SC",759905,"1186222-89-8","HDAC","Investigational","DTP-110","Yes","Synthesis","SRI","Delivered",6/1/2011
"Mocetinostat","MG-0103",,"MethylGene",760143,"726169-73-9","HDAC","Investigational","DTP-110","Yes","Purchase","Starks","Delivered",6/7/2011
"Panobinostat","LBH-589",,"Novartis",761190,"404950-80-7","HDAC","Investigational","DTP-110","Yes","Purchase","Starks","Delivered",7/26/2011
,"ST-3595",,"Sigma-Tau",762153,"918332-89-5","HDAC","Investigational","DTP-110","Yes","Synthesis","SRI","Delivered",10/14/2011
"Abexinostat","PCI-24781","CG-781; CRA-024781; S-78454","Celera",764136,"783355-60-2","HDAC","Investigational","DTP-110","Yes","Purchase","Ash Stevens","Delivered",3/5/2012
"Rocilinostat","ACY-1215",,"Dana Farber",767952,"1316214-52-4","HDAC","Investigational","DTP-110","IOA3","Purchase","SAIC","Delivered",10/3/2012
,"CUDC-907",,"Curis",771751,"1339928-25-4","HDAC","Investigational","DTP-110","IOA3","Purchase","SAIC","Delivered",12/21/2012
,"JNJ-16241199","R-306465","Janssen",773264,"604769-01-9","HDAC","Investigational","DTP-110","No","Purchase","SAIC","Delivered",3/22/2013
,"3-Bromopyruvic acid",,"John Hopkins",62343,"70-23-5","Hexokinase II","Investigational","DTP-110","Yes",,,"Delivered",1/1/2009
"Lificguat","YC-1",,"Abbott",756879,"170632-47-0","HIF 1","Investigational","DTP-110","Yes","Purchase","Starks","Delivered",3/8/2011
,"XL-888",,"Exelixis",772351,"1149705-71-4","Hsp-90","Investigational","DTP-110","IOA3","Synthesis","TCRS","Delivered",1/17/2013
"Tanespimycin","17-AAG",,"BMS",330507,"75747-14-7","Hsp90","Investigational","DTP-110","Yes",,,"Delivered",1/1/2009
"Alvespimycin","17-DMAG",,"BMS",707545,"467214-21-7","Hsp90","Investigational","DTP-110","Yes",,,"Delivered",1/1/2009
"Luminespib","AUY-922","VER-52296","Novartis",755762,"747412-49-3","Hsp90","Investigational","DTP-110","Yes","Purchase","Starks","Delivered",12/23/2010
,"CUDC-305","Debio-0932","Curis",761194,"1061318-81-7","Hsp90","Investigational","DTP-110","Yes","Synthesis","Alchem","Delivered",7/27/2011
,"By-Product of CUDC-305",,,761390,,"Hsp90","Investigational","DTP-110","IOA3","Synthesis","Alchem","Delivered",8/8/2011
,"AT-13387 ",,"Astex",763579,"912999-49-6","Hsp90","Investigational","DTP-110","Yes","Purchase","Ash Stevens","Delivered",1/25/2012
,"MPC-3100",,"Myrexis",765395,"958025-66-6","Hsp90","Investigational","DTP-110","Yes","Synthesis","RTI","Delivered",5/16/2012
"Ganetespib","STA-9090",,"Synta",765435,"888216-25-9","Hsp90","Investigational","DTP-110","Yes","Synthesis","SAIC","Delivered",5/15/2012
,"PF-04929113","SNX-5422","Pfizer",768509,"908115-27-5","Hsp90","Investigational","DTP-110","IOA3","Purchase","SAIC","Delivered",11/7/2012
,"PF-4942847",,"Pfizer",772885,"1207961-33-8","Hsp90","Investigational","DTP-110","IOA3","Synthesis","LSC","Delivered",2/21/2013
,"SB-203580",,"GlaxoSmithKline",755772,"152121-47-6","HSPBAP1; PDK1","Investigational","DTP-110","Yes","Purchase","SRI","Delivered",12/23/2010
,"GDC-0152",,"Roche",765898,,"IAP","Investigational","DTP-110","Yes","Synthesis","LSC","Delivered",6/18/2012
"Birinapant","TL-32711",,"TetraLogic",767128,,"IAP","Investigational","DTP-110","IOA3","Purchase","SAIC","Delivered",9/27/2012
,"LCL-161",,"Novartis",772868,,"IAP","Investigational","DTP-110","IOA3","Synthesis","Alchem","Delivered",2/21/2013
,"Agios Cmp 301",,"Agios",768539,"1355324-87-6","IDH1","Investigational","DTP-110","IOA3","Synthesis","Alchem","Delivered",11/14/2012
,"IDH-C227",,"Agios",772564,"1355324-14-9","IDH1","Investigational","DTP-110","IOA3","Purchase","SAIC","Delivered",2/7/2013
,"IDH-C35",,"Agios",773096,"1355326-35-0","IDH1","Investigational","DTP-110","IOA3","Purchase","SAIC","Delivered",3/5/2013
"Linsitinib","ASP-7487","OSI-906","OSI",756652,"867160-71-2","IGF-1R","Investigational","DTP-110","Yes","Purchase","SRI","Delivered",1/28/2011
,"BMS-754807",,"BMS",758243,"1001350-96-4","IGF-1R","Investigational","DTP-110","Yes","Purchase","SRI","Delivered",4/1/2011
,"BMS-536924",,"BMS",761760,"468740-43-4","IGF-1R","Investigational","DTP-110","Yes","Purchase","SRI","Delivered",9/21/2011
,"KHK Indazole",,"Kyowa Hakko Kogyo",761931,"904897-64-9","IGF-1R","Investigational","DTP-110","Yes","Synthesis","Ash Stevens","Delivered",9/29/2011
,"GSK-1838705A",,"GlaxoSmithKline",766255,"1186659-59-5","IGF-1R","Investigational","DTP-110","Yes","Purchase","SAIC","Delivered",7/13/2012
,"AEW-541",,"Novartis",767006,"475489-16-8","IGF-1R","Investigational","DTP-110","Yes","Purchase","SAIC","Delivered",8/8/2012
,"ADW-742","GSK-552602-A","Novartis",767746,"475488-23-4","IGF-1R","Investigational","DTP-110","IOA3","Purchase","SAIC","Delivered",
,"GSK-1904529A",,"GlaxoSmithKline",767951,"1089283-49-7","IGF-1R","Investigational","DTP-110","IOA3","Purchase","SAIC","Delivered",10/3/2012
,"BP-1-102",,"University of Toronto",764037,"1334493-07-0","IL-6; Stat3","Investigational","DTP-110","Yes","Synthesis","Alchem","Delivered",2/22/2012
,"ONX-0914","PR-957","Onyx",762152,"960374-59-8","Immunoproteasome","Investigational","DTP-110","Yes","Synthesis","SRI","Delivered",10/14/2011
,"AVN-944","VX-944","Vertex",767601,"297730-17-7","IMPDH II","Investigational","DTP-110","IOA3","Purchase","SAIC","Delivered",9/17/2012
,"1-Methyl-[D]-tryptophan",,"NewLinkGenetics",721782,"110117-83-4","Indoleamine 2,3-dioxygenase","Investigational","DTP-110","Yes",,,"Delivered",1/1/2009
"Picoplatin","AMD-473","ZD-0473","Poniard",758490,"181630-15-9","Inhibition of DNA replication","Investigational","DTP-110","Yes","Purchase","SRI","Delivered",4/15/2011
"Triapine","3-AP","PAN-811","Vion Pharmaceuticals",759096,"143621-35-6 ","Inhibition of DNA synthesis","Investigational","DTP-110","Yes","Purchase","Ash Stevens","Delivered",5/6/2011
,"AZD-1480",,"AstraZeneca",756648,"935666-88-9","JAK","Investigational","DTP-110","Yes","Purchase","Ash Stevens","Delivered",2/8/2011
"Gandotinib","LY-2784544",,"Eli Lilly",764820,"1229236-86-5","JAK","Investigational","DTP-110","Yes","Purchase","SAIC","Delivered",4/19/2012
"Momelotinib","CYT-387",,"YM Biosciences",767598,"1056634-68-4","JAK","Investigational","DTP-110","IOA3","Purchase","SAIC","Delivered",9/17/2012
,"WP-1034",,"MD Anderson",755981,"857064-42-7","JAK; STAT","Investigational","DTP-110","Yes","Synthesis","SRI","Delivered",1/13/2011
"Pacritinib","ONX-0803","SB-1518","S*BIO",759674,"1138325-13-9","JAK2","Investigational","DTP-110","Yes","Synthesis","Starks","Delivered",5/24/2011
,"BMS-911543",,"BMS",766821,"1271022-90-2","JAK2","Investigational","DTP-110","Yes","Purchase","SAIC","Delivered",7/25/2012
,"XL-019",,"Exelixis",772887,"945750-13-0","JAK2","Investigational","DTP-110","IOA3","Synthesis","Alchem","Delivered",2/21/2013
,"SB-1578","ONX-0805","S*BIO",772920,"937273-04-6","JAK2","Investigational","DTP-110","IOA3","Synthesis","Alchem","Delivered",2/25/2013
,"SP-600125",,"Celgene",755773,"12956-6","JNK; p38 MAPK","Investigational","DTP-110","Yes","Purchase","SRI","Delivered",12/23/2010
,"LOR-253","LT-253","Lorus",763832,"916151-99-0","KLF4","Investigational","DTP-110","Yes","Synthesis","Alchem","Delivered",2/7/2012
"Ispinesib","CK-0238273","SB-715992","Cytokinetics",755386,"336113-53-2","KSP","Investigational","DTP-110","Yes","Purchase","Ash-Stevens","Delivered",11/17/2010
,"EMD-534085",,"Merck KGaA",763564,"858668-07-2","KSP","Investigational","DTP-110","Yes","Purchase","Ash Stevens","Delivered",1/20/2012
,"ARRY-520 (isomer A)",,"Array BioPharma",772254,"885060-09-3","KSP","Investigational","DTP-110","IOA3","Purchase","SAIC","Delivered",1/11/2013
,"ARRY-520 (isomer B)",,"Array BioPharma",772255,"885060-09-3","KSP","Investigational","DTP-110","IOA3","Purchase","SAIC","Delivered",1/11/2013
"Litronesib","LY-2523355","KF-89617","Eli Lilly",765673,"1219032-64-0","KSP; Eg5","Investigational","DTP-110","Yes","Synthesis","Alchem","Delivered",5/30/2012
,"ARQ-621",,"Arqule",771644,"1095253-39-6","KSP/Eg5","Investigational","DTP-110","IOA3","Synthesis","Alchem","Delivered",12/13/2012
,"SB-743921","GSK-921","GlaxoSmithKline",773261,"940929-33-9","KSP; Eg5","Investigational","DTP-110","IOA3","Purchase","SAIC","Delivered",3/21/2013
,"LDHA Cmp 33",,"AstraZeneca",773174,"1370290-34-8","LDHA","Investigational","DTP-110","IOA3","Synthesis","Alchem","Delivered",3/12/2013
,"CT-32228",,"Cell Therapeutics",762419,"521064-34-6","LPAAT-beta; VEGFR","Investigational","DTP-110","Yes","Purchase","Starks","Delivered",10/28/2011
"Bafetinib"," CNS-9","INNO-406","CytRx",773263,"859212-16-1","Lyn; Bcr-Abl; Fyn","Investigational","DTP-110","IOA3","Purchase","SAIC","Delivered",3/21/2013
,"JZL-184",,"VCU",763094,"1101854-58-3","MAGL","Investigational","DTP-110","Yes","Purchase","SAIC","Delivered",12/13/2011
,"JZL-195",,,763527,"1210004-12-8","MAGL","Investigational","DTP-110","Yes","Purchase","SAIC","Delivered",1/18/2012
,"JNJ-27291199","TDP-665759","3-Dimensional",754358,"787632-66-0","MDM2","Investigational","DTP-110","Yes","Synthesis","Alchem","Delivered",9/1/2010
,"MI-219",,"University of Michigan",754360,"1201143-87-4","MDM2","Investigational","DTP-110","Yes","Synthesis","Alchem","Delivered",9/1/2010
"(+/-)-Nutlin-3",,,"Roche",756875,"548472-68-0","MDM2","Investigational","DTP-110","Yes","Purchase","Starks","Delivered",2/23/2011
"(-)-Nutlin-3",,,"Roche",756876,"675576-98-4","MDM2","Investigational","DTP-110","Yes","Purchase","Starks","Delivered",2/23/2011
," 1st Precursur Intermediate to TDP 665759",,,756877,"898222-46-3","MDM2","Investigational","DTP-110","Yes","Synthesis","Alchem","Delivered",2/28/2011
,"2nd Precursur Intermediate to TDP 665759",,,756878,,"MDM2","Investigational","DTP-110","Yes","Synthesis","Alchem","Delivered",2/28/2011
"(+)-Nutlin-3",,,"Roche",763443,"675576-97-3","MDM2","Investigational","DTP-110","Yes","Purchase","SAIC","Delivered",1/5/2012
,"RG-7112","RO-504337","Roche",771531,,"MDM2","Investigational","DTP-110","IOA3","Synthesis","Alchem","Delivered",11/30/2012
,"PD-98059",,"Pfizer",679828,"167869-21-8","MEK","Investigational","DTP-110","Yes","Purchase","Starks","Delivered",9/22/2010
"Selumetinib","AZD-6244",,"AstraZeneca",741078,"606143-52-6","MEK","Investigational","DTP-110","Yes","Purchase","SRI; Starks","Delivered",3/4/2011
"Pimasertib","AS-703026","MSC-1936369","Santhera",755763,"1236699-92-5 ","MEK","Investigational","DTP-110","Yes","Purchase","Starks; SRI","Delivered",12/23/2010
"Trametinib","GSK-1120212",,"GlaxoSmithKline",758246,"1204531-25-8 ","MEK","Investigational","DTP-110","Yes","Purchase","SRI","Delivered",4/1/2011
,"TAK-733",,"Takeda",761215,"1035555-63-5","MEK","Investigational","DTP-110","Yes","Synthesis","Starks","Delivered",8/4/2011
,"RG-7167","CH-4987655; RO-4987655","Roche; Chugai",762521,"874101-00-5","MEK","Investigational","DTP-110","Yes","Purchase","Ash Stevens","Delivered",11/3/2011
,"ARRY-162","MEK-162","Array BioPharma",764042,"1201685-05-3","MEK","Investigational","DTP-110","Yes","Purchase","SAIC","Delivered",2/24/2012
,"PD-184352","CI-1040","Pfizer",765695,"212631-79-3","MEK","Investigational","DTP-110","Yes","Purchase","SAIC","Delivered",5/18/2012
"Refametinib","BAY-86-9766","AR-119; RDEA-119","Bayer",765866,"923032-37-5","MEK","Investigational","DTP-110","Yes","Synthesis","Alchem","Delivered",6/12/2012
"Cobimetinib (isomer 1)","XL-518 (isomer 1)","GDC-0973; RG-7421","Exelixis",768068,"934660-93-2","MEK","Investigational","DTP-110","IOA3","Purchase","SAIC","Delivered",10/11/2012
"Cobimetinib (isomer 2)","XL-518 (isomer 2)","GDC-0973; RG-7421","Exelixis",768069,"934660-93-2","MEK","Investigational","DTP-110","IOA3","Purchase","SAIC","Delivered",10/11/2012
,"AZD-8330","ARRY-704","AstraZeneca",772563,"869357-68-6","MEK","Investigational","DTP-110","IOA3","Purchase","SAIC","Delivered",2/7/2013
,"PD-0325901",,"Pfizer",755770,"391210-10-9","MEK ","Investigational","DTP-110","Yes","Purchase","SRI","Delivered",12/23/2010
,"BAL-101553",,"Basilea Pharmaceutica",764608,"1263384-43-5","Microtubule","Investigational","DTP-110","Yes","Synthesis","Alchem","Delivered",3/31/2012
"Dactolisib","BEZ-235",,"Novartis",751249,"915019-65-7","mTor","Investigational","DTP-110","Yes","Purchase","SRI","Delivered",10/29/2010
"Deforolimus","MK-8669 ","AP-23573","Merck",757440,"572924-54-0","mTor","Investigational","DTP-110","Yes","Purchase","Starks","Delivered",3/25/2011
,"PF-05212384","PKI-587","Pfizer",758256,"1197160-78-3","mTor","Investigational","DTP-110","Yes","Synthesis","Starks","Delivered",4/7/2011
,"AZD-8055",,"AstraZeneca",758871,"1009298-09-2","mTor","Investigational","DTP-110","Yes","Synthesis","Starks","Delivered",4/28/2011
,"OSI-027",,"OSI",759660,"1187559-66-5","mTor","Investigational","DTP-110","Yes","Purchase","Starks","Delivered",5/20/2011
,"PP-242",,"UCSF",764515,"1092351-67-1","mTor","Investigational","DTP-110","Yes","Purchase","Alchem","Delivered",3/27/2012
,"INK-128","MLN-0128","Intellikine",764658,"1224844-38-5","mTor","Investigational","DTP-110","Yes","Purchase","SAIC","Delivered",4/5/2012
,"AZD-2014",,"AstraZeneca",767189,"1009298-59-2","mTor","Investigational","DTP-110","IOA3","Synthesis","TCRS","Delivered",8/30/2012
,"RG-7603","GDC-0349","Roche",771532,"1207360-89-1","mTor","Investigational","DTP-110","IOA3","Synthesis","LSC","Delivered",12/3/2012
"Apitolisib","GDC-0980","R-7422; RG-7422","Roche",764091,"1256580-46-7","mTor; PI3K","Investigational","DTP-110","Yes","Purchase","Ash Stevens","Delivered",2/29/2012
"Pevonedistat","MLN-4924",,"Millennium",761192,"1160295-21-5","NAE","Investigational","DTP-110","Yes","Purchase","SRI","Delivered",7/26/2011
"Daporinad","AP0-866","FK-866","Astellas",760442,"658084-64-1","NMPRTase","Investigational","DTP-110","Yes","Purchase","Starks","Delivered",6/16/2011
"Teglarinad","EB-1627","GMX-1777","Gemin X",761189,"432037-57-5","NMRPRTase","Investigational","DTP-110","Yes","Synthesis","Ash Stevens","Delivered",7/19/2011
,"SB-239063",,"GlaxoSmithKline",756653,"193551-21-2","p38 MAPK","Investigational","DTP-110","Yes","Purchase","SRI","Delivered",1/28/2011
,"LY-2228820",,"Eli Lilly",766820,"862507-23-1","p38 MAPK","Investigational","DTP-110","Yes","Purchase","SAIC","Delivered",7/25/2012
"Iniparib","BSI-201","IND-71677; SAR-240550","Sanofi",752493,"160003-66-7","Parp-1","Investigational","DTP-110","Yes","Synthesis","Ash-Stevens","Delivered",7/15/2010
"Veliparib","ABT-888",,"Abbott",752840,"912444-00-9","Parp-1","Investigational","DTP-110","Yes","Purchase","Ash Stevens","Delivered",10/13/2010
"Olaparib","AZD-2281","KU-59436","AstraZeneca",753686,"763113-22-0","Parp-1","Investigational","DTP-110","Yes","Purchase","Ash-Stevens","Delivered",4/7/2011
"Niraparib","MK-4827",,"Merck",754355,"1038915-60-4","Parp-1","Investigational","DTP-110","Yes","Synthesis","RTI","Delivered",9/1/2010
"Rucaparib","PF-01367338","AG-014699","Pfizer",756644,"917828-48-9","Parp-1","Investigational","DTP-110","Yes","Purchase","Starks","Delivered",1/31/2011
,"BMN-673 (racemate)","LT-00673","BioMarin",765396,"1207456-01-6","Parp-1","Investigational","DTP-110","Yes","Synthesis","Alchem","Deliuvered","5.10/12"
,"BMN-673",,"BioMarin",767125,,"Parp-1","Investigational","DTP-110","Yes","Purchase","SAIC","Delivered",8/27/2012
,"BMN-673 (inactive enantiomer)",,"BioMarin",767533,,"Parp-1","Investigational","DTP-110","Yes","Purchase","SAIC","Delivered",9/11/2012
,"CEP-9722",,"Cephalon",768593,"916574-83-9","Parp-1","Investigational","DTP-110","IOA3","Synthesis","LSC","Delivered",11/15/2012
,"AZD-2461",,"AstraZeneca",773230,"1174043-16-3","Parp-1","Investigational","DTP-110","IOA3","Synthesis","Starks","Delivered",3/18/2013
" Crenolanib","CP-868596",,"Pfizer",763526,"670220-88-9","PDGFR","Investigational","DTP-110","Yes","Synthesis","Starks","Delivered",1/13/2012
"Linifanib","ABT-869","RG-3635","Abbott",764237,"796967-16-3","PDGFR; VEGFR","Investigational","DTP-110","Yes","Purchase","SAIC","Delivered",3/9/2012
,"OSU-03012 ",,"Ohio State",756657,"742112-33-0","PDK-1","Investigational","DTP-110","Yes","Purchase","SRI","Delivered",1/28/2011
,"OSU-03013",,"Ohio State",756658,"742112-34-1","PDK-1","Investigational","DTP-110","Yes","Purchase","SRI","Delivered",1/28/2011
,"BX-912",,"Berlex",758485,"702674-56-4","PDK-1","Investigational","DTP-110","Yes","Purchase","Ash Stevens","Delivered",4/13/2011
,"GSK-2334470",,"GlaxoSmithKline",759658,"1227911-45-6","PDK-1","Investigational","DTP-110","Yes","Synthesis","RTI","Delivered",5/19/2011
,"Wortmannin","KY-12420","Sigma Aldrich",221019,"19545-26-7","pI3K","Investigational","DTP-110","Yes",,,"Delivered",1/1/2009
"Sonolisib","PX-866","DJM-166",,722134,"502844-51-1","PI3K","Investigational","DTP-110","Yes",,,"Delivered",1/1/2009
,"XL-147","SAR-245408","Exelixis",754351,"956958-53-5","pI3K","Investigational","DTP-110","Yes","Synthesis","Starks","Delivered",9/1/2010
"Buparlisib","BKM-120",,"Novartis",754353,"944396-07-0","pI3K","Investigational","DTP-110","Yes","Synthesis","SAIC","Delivered",9/1/2010
"Pictilisib","GDC-0941","RG-7321 ","Roche",755385,"957054-30-7","pI3K","Investigational","DTP-110","Yes","Purchase","Ash-Stevens","Delivered",11/17/2010
,"LY-294002","SF-1101","Eli Lilly",755769,"154447-36-6","pI3K","Investigational","DTP-110","Yes","Purchase","SRI","Delivered",12/23/2010
"Idelalisib","CAL-101","GS-1101","Icos",759224,"870281-82-6","PI3K","Investigational","DTP-110","Yes","Purchase","Starks; RTI","Delivered",5/10/2011
,"PI-103",,"Astellas",759676,"371935-74-9","PI3K","Investigational","DTP-110","Yes","Purchase","Starks","Delivered",5/25/2011
"Copanlisib","BAY-80-6946 ",,"Bayer",760443,"1032568-63-0","PI3K","Investigational","DTP-110","Yes","Synthesis","SRI","Delivered",6/14/2011
,"PF-04691502",,"Pfizer",760536,"1013101-36-4","pI3K","Investigational","DTP-110","Yes","Purchase","Ash-Stevens","Delivered",6/22/2011
,"CH-5132799 ","PA-799","Chugai",762382,"1007207-67-1","PI3K","Investigational","DTP-110","Yes","Synthesis","Ash Stevens","Delivered",10/26/2011
,"GSK-2126458","GSK-458","GSK",764092,"1086062-66-9","PI3K","Investigational","DTP-110","Yes","Purchase","Ash Stevens","Delivered",2/29/2012
,"ZSTK-474",,"Zenyaku Kogyo",764516,"475110-96-4","PI3K","Investigational","DTP-110","Yes","Purchase","Alchem","Delivered",3/27/2012
,"BYL-719",,"Novartis",765974,"1217486-61-7","PI3K","Investigational","DTP-110","Yes","Purchase","SAIC","Delivered",6/20/2012
,"XL-765","SAR-245409","Exelixis",768100,"1349796-36-6","PI3K","Investigational","DTP-110","IOA3","Purchase","SAIC","Delivered",10/18/2012
,"GSK-2636771",,"GlaxoSmithKline",768508,"1372540-25-4","PI3K","Investigational","DTP-110","IOA3","Synthesis","Starks (FTE)","Delivered",11/7/2012
,"INK-1197","IPI-145","Infinity",772469,"1201438-56-3","pI3K","Investigational","DTP-110","IOA3","Purchase","SAIC","Delivered",1/31/2012
,"BGT-226",,"Novartis",773095,"1245537-68-1","PI3K","Investigational","DTP-110","IOA3","Purchase","SAIC","Delivered",3/5/2013
"Enzastaurin","LY-317615",,"Eli Lilly",767124,"170364-57-5","PI3K/Akt","Investigational","DTP-110","Yes","Purchase","SAIC","Delivered",8/27/2012
,"SGI-1776","SG-0407","Astex",757333,"1173928-26-1","PIM-1","Investigational","DTP-110","Yes","Synthesis","RTI","Delivered",3/18/2011
,"H-89",,"Univ Penn",755766,"127243-85-0","PKA","Investigational","DTP-110","Yes","Purchase","SRI","Delivered",12/23/2010
"Chelerythrine ","MP-0922",,"Marinus",36405,"3895-92-9","PKC","Investigational","DTP-110","Yes",,,"Delivered",1/1/2009
"Staurosporine","AM-2282",,"Ajinomoto",755774,"62996-74-1","PKC","Investigational","DTP-110","Yes","Purchase","SRI","Delivered",12/23/2010
"Sotrastaurin","AEB-071",,"Novartis",766819,"425637-18-9","PKC","Investigational","DTP-110","Yes","Purchase","SAIC","Delivered",7/26/2012
,"PKM2 Activator 9",,"Agios",772991,"1260074-86-9","PKM2","Investigational","DTP-110","IOA3","Synthesis","Starks","Delivered",3/1/2013
"Rigosertib","ON-01910Na",,"Onconova",754344,"592542-60-4","PLK-1","Investigational","DTP-110","Yes","Synthesis","SRI","Delivered",9/1/2010
,"GSK-461364",,"GlaxoSmithKline",754354,"929085-18-1","PLK-1","Investigational","DTP-110","Yes","Purchase","Starks","Delivered",9/1/2010
,"BI-2536",,"Boehringer Ingelheim",755983,"755038-02-9","PLK-1","Investigational","DTP-110","Yes","Purchase","Ash-Stevens; RTI","Delivered",1/13/2011
"Volasertib","BI-6727",,"Boehringer Ingelheim",757149,"755038-65-4","PLK-1","Investigational","DTP-110","Yes","Purchase","Ash Stevens","Delivered",3/15/2011
,"TAK-960 analog",,"Takeda",761759,"1157847-46-5","PLK-1","Investigational","DTP-110","Yes","Synthesis","RTI","Delivered",9/21/2011
,"Des-fluoro-TAK-960",,"Roche/Takeda",762154,"1201692-18-3","PLK-1","Investigational","DTP-110","Yes","Synthesis","RTI","Delivered",10/18/2011
,"TAK Plk inhibitor",,"Takeda",762418,"1214266-16-6","PLK-1","Investigational","DTP-110","Yes","Synthesis","RTI","Delivered",10/27/2011
,"MLN-0905",,"Millenium",767470,"1228960-69-7","PLK-1","Investigational","DTP-110","Yes","Synthesis","Alchem","Delivered",
,"TAK-960",,"Takeda",768072,"1137868-52-0","PLK-1","Investigational","DTP-110","IOA3","Synthesis","Starks","Delivered",10/12/2012
"Efatutazone","CS-7017","RS-5444","Daiichi",764579,"223132-37-4","PPAR-gamma","Investigational","DTP-110","Yes","Synthesis","Ash Stevens","Delivered",3/30/2012
"Ixazomib citrate","MLN-9708",,"Millenium",758254,"12101902-80-8","Proteasome","Investigational","DTP-110","Yes","Purchase","Starks","Delivered",4/5/2011
"Ixazomib","MLN-2238",,"Millenium",766907,"1072833-77-2","Proteasome","Investigational","DTP-110","Yes","Purchase","SAIC","Delivered",8/3/2012
"Delanzomib","CEP-18770","NP-47098","Cephalon",764334,"847499-27-8","Proteosome","Investigational","DTP-110","Yes","Purchase","SAIC","Delivered",3/14/2012
"Amuvatinib","MP-470","HPK-56","SuperGen",754349,"850879-09-3","RAD51","Investigational","DTP-110","Yes","Synthesis","Starks","Delivered",9/1/2010
,"GW-5074",,"GlaxoSmithKline",755765,"220904-83-6","Raf","Investigational","DTP-110","Yes","Purchase","SRI","Delivered",12/23/2010
,"ZM-336372",,"Astra Zeneca",756654,"208260-29-1","Raf","Investigational","DTP-110","Yes","Purchase","SRI","Delivered",1/28/2011
,"MLN-2480","BIIB-024","Millenium",766906,"1096708-71-2","Raf","Investigational","DTP-110","Yes","Purchase","SAIC","Delivered",8/3/2012
"Salirasib","KD-032","ONO-7056","Concordia",755771,"162520-00-5","Ras","Investigational","DTP-110","Yes","Purchase","SRI","Delivered",12/23/2010
"Pluripotin","SC-1",,"Scripps",763525,"839707-37-8","Ras; Gap; ERK1","Investigational","DTP-110","Yes","Purchase","Ash Stevens","Delivered",1/11/2012
,"Y-27632",,"Mitsubishi Tanabe Pharma",751297,"146986-50-7","Rho","Investigational","DTP-110","IOA3","Purchase","SAIC","Delivered",1/13/2013
,"SL-0101",,"Univ VA",703081,"77307-50-7","RSK","Investigational","DTP-110","Yes","Purchase","SAIC","Delivered",
,"XL-541",,"Exelixis",768011,"1221878-06-3","S1P1","Investigational","DTP-110","IOA3","Synthesis","Starks","Delivered",10/9/2012
,"CB-64D",,,754350,"157752-20-0","Sigma agonist","Investigational","DTP-110","Yes","Synthesis","Starks","Delivered",9/1/2010
,"HPI-1",,"UCSF",758486,"599150-20-6","SMO","Investigational","DTP-110","Yes","Purchase","Ash Stevens","Delivered",4/13/2011
,"LDE-225",,"Novartis",761385,"956697-53-3","SMO","Investigational","DTP-110","Yes","Purchase","Starks","Delivered",8/9/2011
"Sonidegib","LDE-225, diphosphonate salt",,"Novartis",761386,"1218778-77-8","SMO","Investigational","DTP-110","Yes","Purchase","Starks","Delivered",8/12/2011
,"SEN-450",,"Siena Biotech",763758,"1160830-00-1","SMO","Investigational","DTP-110","Yes","Synthesis","Ash Stevens","Delivered",2/3/2012
"Saridegib","IPI-926",,"Infinity",767123,"1037210-93-7","SMO","Investigational","DTP-110","Yes","Purchase","SAIC","Delivered",8/27/2012
,"LEQ-506",,"Novartis",767126,"1057677-92-5","SMO","Investigational","DTP-110","Yes","Synthesis",,"Delivered",8/27/2012
,"LY-2940680",,"Eli Lilly",767896,"1258861-20-9","SMO","Investigational","DTP-110","IOA3","Purchase","SAIC","Delivered",9/28/2012
,"TAK-441",,"Takeda",771858,"1186231-83-3","SMO","Investigational","DTP-110","IOA3","Purchase","SAIC","Delivered",
,"KX2-391","KX-01","Kinex",756643,"897016-82-9","Src","Investigational","DTP-110","Yes","Synthesis","Starks","Delivered",1/25/2011
"Saracatinib","AZD-0530",,"AstraZeneca",758872,"379231-04-6","Src","Investigational","DTP-110","Yes","Purchase","Ash-Stevens; RTI","Delivered",4/28/2011
,"Bosutinib isomer",,,755389,"380843-75-4","Src; Bcr-abl; Stat5","Investigational","DTP-110","Yes","Purchase",,"Delivered",11/16/2010
"Golotimod","SCV-07",,"UC Berkeley",755401,"229305-39-9","Stat-3","Investigational","DTP-110","Yes","Purchase","SAIC","Delivered",
,"Cpd-401",,"Otsuka",757334,"1150339-93-7","Stat 3","Investigational","DTP-110","Yes","Synthesis","Alchem","Delivered",3/24/2011
"Sepantronium bromide","YM-155",,"Astellas",755387,"781661-94-7","Survivan","Investigational","DTP-110","Yes","Purchase","Ash Stevens","Delivered",11/17/2010
,"BAY 61-3606",,"Bayer",766992,"732983-37-8","Syk","Investigational","DTP-110","Yes","Purchase","SAIC","Delivered",8/3/2012
,"R-406",,"Rigel",772498,"841290-80-0","Syk","Investigational","DTP-110","IOA3","Purchase","SAIC","Delivered",2/1/2013
"Fostamatinib","R-788","R-935788","Rigel",772992,"914295-16-2","Syk","Investigational","DTP-110","IOA3","Purchase","SAIC","Delivered",
"Galunisertib","LY-2157299",,"Eli Lilly",761216,"700874-72-2","TGF-β ","Investigational","DTP-110","Yes","Purchase","Starks","Delivered",8/4/2011
"Motexafin","PCI-0120",,"Pharmacyclics",761266,"156436-89-4","Thioredoxin reductase","Investigational","DTP-110","Yes","Purchase","Ash Stevens","Delivered",8/3/2011
,"ONX-0801","BGC-945","Onyx",764764,"501332-69-0","Thymidine Synthase","Investigational","DTP-110","Yes","Synthesis","Alchem","Delivered",4/16/2012
,"XAV-939 ","S1180","Novartis",755761,"284028-89-3","TNKS; Wnt","Investigational","DTP-110","Yes","Purchase","Starks","Delivered",12/20/2010
,"7-Ethyl-10-hydroxycamptothecin","SN-38; EHC; HCPT","Yakult Honsha",673596,"86639-52-3","Topo I","Investigational","DTP-110","Yes",,,"Delivered",
,"MLN-576","XR-11576","Xenova",754365,"346689-77-8","Topo I; Topo II","Investigational","DTP-110","Yes","Synthesis","RTI","Delivered",9/1/2010
,"XR-5944","MLN-944","Xenova",754366,"343247-32-5","Topo I; Topo II","Investigational","DTP-110","Yes","Synthesis","RTI","Delivered",9/1/2010
,"XR-5000","SN-22995","Xenova",754367,"89459-25-6","Topo I; Topo II","Investigational","DTP-110","Yes","Synthesis","RTI","Delivered",9/1/2010
,"XK-469",,"BMS",698215,"157542-91-1","Topo II","Investigational","DTP-110","Yes",,,"Delivered",1/1/2009
"Amonafide","CGX-571","AS-1413","Abbott",758251,"69408-81-7","Topo II","Investigational","DTP-110","Yes","Purchase","SRI","Delivered",4/1/2011
"Vosaroxin ","SNS-595; SPC-595","AG-7352","Sunesis",760764,"175414-77-4 ","Topo II","Investigational","DTP-110","Yes","Synthesis","Ash Stevens","Delivered",6/29/2011
,"GENZ-644282","SAR-402674","Sanofi",768112,,"Topo-I","Investigational","DTP-110","IOA3","Synthesis","Alchem","Delivered",10/22/2012
"Lexibulin","CYT-997",,"YM Biosciences",758488,"917111-44-5","Tubulin","Investigational","DTP-110","Yes","Purchase","Ash Stevens","Delivered",4/15/2011
"Verubulin","EP-90745","MPC-6827","Myrexis",758773,"827031-83-4","Tubulin","Investigational","DTP-110","Yes","Purchase","SRI","Delivered",4/27/2011
,"BAL-27862",,"Basilea",762598,"798577-91-0","Tubulin","Investigational","DTP-110","Yes","Synthesis","Alchem","Delivered",11/8/2011
,"Peptide [CRGDKGPDC - cys & cys bridge",,,754347,,"Tumor Penetrating Peptide","Investigational","DTP-110","Yes","Purchase","SRI","Delivered",9/1/2010
"Cediranib","AZD-2171","Recentin","AstraZeneca",755606,"288383-20-0","VEGF","Investigational","DTP-110","Yes","Purchase","Ash Stevens","Delivered",12/8/2010
"  Tivozanib","ASP-4130","Tivopath; AV-951; KRN-951 ","Astellas",758007,"475108-18-0","VEGFR","Investigational","DTP-110","Yes","Synthesis","Ash Stevens; SRI","Delivered",3/30/2011
"Apatinib","YN-968D1",,"Jiangsu Hengrui ",772886,"811803-05-1","VEGFR","Investigational","DTP-110","IOA3","Purchase","SAIC","Delivered",2/22/2013
"Motesanib","AMG-706",,"Amgen",760843,"453562-69-1","VEGFR, c-Kit; PDGFR","Investigational","DTP-110","Yes","Synthesis","Ash-Stevens","Delivered",7/12/2011
"Vatalanib","CGP-79787D","ZK-222584, PTK-787","Novartis",772499,"212142-18-2","VEGFR, c-Kit; PDGFR, Aromatase Inhibitor","Investigational","DTP-110","IOA3","Purchase","SAIC","Delivered",2/1/2013
,"peptide R18 (14-3-3 antagonist)",,,756651,,"VEGFR, PDGFR, FGF","Investigational","DTP-110","Yes","Purchase","SRI","Delivered",1/28/2011
"Dovitinib","CHIR-258","TKI-258","Novartis",759661,"405169-16-6","VEGFR, PDGFR, FGFR","Investigational","DTP-110","Yes","Synthesis","Ash Stevens","Delivered",5/19/2011
,"JI-101","CGI-1842","Gilead",762381,"900573-88-8","VEGFR; EphA4; PDGFR","Investigational","DTP-110","Yes","Synthesis","Ash Stevens","Delivered",10/26/2011
"Brivanib","BMS-582664 ",,"BMS",764481,"649735-63-7","VEGFR; FGFR","Investigational","DTP-110","Yes","Synthesis","Ash Stevens","Delivered",3/15/2012
"Intedanib ","BIBF-1120","Vargatef","Boehringer Ingelheim",756659,"656247-18-6","VEGFR; FGFR; PDGFR","Investigational","DTP-110","Yes","Purchase","RTI; Ash Stevens","Delivered",2/18/2011
,"MK-1775 ",,"Merck",754352,"955365-80-7","Wee-1","Investigational","DTP-110","Yes","Synthesis","Starks","Delivered",9/1/2010
,"IWR-1",,"UT Southwestern",756646,"430429-02-0","Wnt","Investigational","DTP-110","Yes","Synthesis","Ash Stevens","Delivered",2/3/2011
,"AEG-40730 ",,"Aegera",754359,"934963-58-3","XIAP","Investigational","DTP-110","Yes","Synthesis","Alchem","Delivered",9/1/2010
,"AT-406","SM-406","Ascenta",764757,"1071992-99-8","XIAP","Investigational","DTP-110","Yes","Purchase","SAIC","Delivered",4/12/2012
"Masitinib","AB-1010",,"AB Science; CNRS",755400,"790299-79-5","c-Kit; FGFR","Investigational","DTP-110","Yes","Purchase","Starks","Delivered ",11/30/2010
