"Agent","Alias Names","Originator","NSC Number","CAS #","Target","Assigned Status:      Purchase/Synthesis","Contractor","Amount Targeted/ Delivered For Acquisition (g)","Status: Assigned For Synthesis/Delivered to DTP Repository/On Order ","Tested in NCI60","Date of ACQ","Type","Included on the Investigational Drug Plate","Smiles"
"BBOA","CPI-613","Cornerstone",,"95809-78-2","AEMD","Purchase","SAIC",1,"On Order","NO",,"Investigational","No","O=C(O)CCCCC(SCC1=CC=CC=C1)CCSCC2=CC=CC=C2"
"Perifosine","D-21266; KRX-0401","Keryx Biopharmaceuticals",639966,"157716-52-4","Akt","Purchase","Ash Stevens",9.7,"Delivered","YES","12/14/2010","Investigational","Yes",
"MK-2206",,"Merck",756656,"1032350-13-2","Akt","Purchase","SRI",5,"Delivered","YES","1/28/2011","Investigational","Yes",
"CCT-128930",,"Astex",761387,"885499-61-6","Akt","Purchase","RTI",10,"Delivered","YES","8/9/2011","Investigational","Yes",
"AZD-5363",,"AstraZeneca",764039,"1143532-39-1","Akt","Purchase","SAIC",3,"Delivered","SUBMITTED","2/24/2012","Investigational","No",
"GDC-0068","RG-7440","Roche",,"1001264-89-6","Akt","Synthesis",,5,"In Progress","NO",,"Investigational","No","O=C(N1CCN(C2=C([C@H](C)C[C@H]3O)C3=NC=N2)CC1)[C@@H](C4=CC=C(Cl)C=C4)CNC(C)C"
"GSK-690693 ",,"GlaxoSmithKline",,"937174-76-0","Akt","Purchase","SAIC",10,"On Order","NO",,"Investigational","No","CC(O)(C)C#CC1=NC=C(OC[C@@H]2CNCCC2)C3=C1N=C(C4=NON=C4N)N3CC"
"PF-4176340",,"Pfizer",,"1004990-28-6","Akt","Purchase","SAIC",5,"On Order","NO",,"Investigational","No","CCC1=CNC2=NC=NC(N3C[C@](CNC(C(C=CC(F)=C4)=C4F)=O)(N)CC3)=C12"
"CH-5424802",,"Chugai",764040,"1256589-74-8","ALK","Purchase","SAIC",3,"Delivered","SUBMITTED","2/24/2012","Investigational","No",
"CH-5428402 HCl",,"Chugai",764821,,"ALK","Purchase","SAIC",0.6,"Delivered","SUBMITTED","4/19/2012","Investigational","No",
"TAE-684",,"Novartis",764041,"761439-42-3","ALK","Purchase","SAIC",0.8,"Delivered","SUBMITTED","2/24/2012","Investigational","No",
"ASP-3026",,"Astellas",765865,"1097917-15-1","ALK","Synthesis","Alchem",2,"Delivered","NO","6/12/2012","Investigational","No",
"CEP-14083",,,,"1022957-12-5","ALK","Synthesis","Alchem",2,"In Progress","NO",,"Investigational","No","O=C([C@H]1[C@](C2)([H])C=C[C@]2([H])[C@H]1NC3=NC(NC4=CC=C(N(CC)C(CCC5)=O)C5=C4OC)=NC=C3Cl)N"
"NMS-E628",,"Nerviano",,"1108743-60-7","ALK","Synthesis","Starks",3,"In Progress","NO",,"Investigational","No","O=C(NC1=NNC2=C1C=C(CC3=CC(F)=CC(F)=C3)C=C2)C4=CC=C(N5CCN(C)CC5)C=C4NC6CCOCC6"
"LY-2109761",,"Eli Lilly",765632,"700874-71-1","ALK","Purchase","SAIC",5,"Delivered","NO","5/23/2012","Investigational","No",
"SB-431542 ",,"GlaxoSmithKline",756649,"301836-41-9","Alk; TGF-β ","Purchase","Starks",1,"Delivered","YES","2/7/2011","Investigational","Yes",
"Omacetaxine mepesuccinate","CGX-635","ChemGenex",758253,"26833-87-4","Angiogenesis; Apoptotic","Purchase","SRI",1,"Delivered ","YES","4/1/2011","Investigational","Yes",
"Indibulin","D-24851; ZIP-301","ZioPharm",758489,"204205-90-3 ","Antimitotic","Purchase","SRI",1,"Delivered","YES","4/15/2011","Investigational","Yes",
"Quercetin","LNS-5662","Limerick BioPharma",756660,"117-39-5","Antioxidant","Purchase","Starks; Ash Stevens",5,"Delivered","YES","2/17/2011","Investigational","Yes",
"ICG-001",,"Institute for Chemical Genomics",756641,"780757-88-2","Apoptotic","Purchase","Ash Stevens",6.7,"Delivered","YES","1/24/2011","Investigational","Yes",
"IMEXON","AOP-990001; BM-06002","Roche",,"59643-91-3","Apoptotic","Purchase","SAIC",10,"On Order","NO",,"Investigational","No","O=C1N2CC2C(N)=N1"
"MDV-3100","NC-54","Medivation",755605,"915087-33-1","AR antagonist","Synthesis","Ash Stevens",10,"Delivered","YES","12/9/2010","Investigational","Yes",
"AZD-3514",,"AstraZeneca",765776,"1240299-33-5","Androgen Receptor","Purchase","SAIC",5,"Delivered","NO","5/31/2012","Investigational","No",
"NU-6027",,"AstraZeneca",756874,"220036-08-8","ATR","Purchase","Starks",0.1,"Delivered","YES","3/1/2011","Investigational","Yes",
"VE-821",,"Vertex",761070,"1232410-49-9","ATR","Synthesis","Starks",16,"Delivered","YES","7/14/2011","Investigational","Yes",
"Vertex ATR inhibitor Cpd 45",739447,"Vertex",761693,"1286238-55-8","ATR","Synthesis","Starks",3.4,"Delivered","YES","9/15/2011","Investigational","Yes",
"Barasetib","AZD-1152","AstraZeneca",757444,"957881-03-7","Aurora","Purchase","Ash Stevens",6,"Deliverd","YES","3/24/2011","Investigational","Yes",
"ENMD-2076","ENMD-981693","Entremed",758245,"934353-76-1","Aurora","Purchase","SRI/Starks",2,"Delivered","YES","4/1/2011","Investigational","Yes",
"SNS-314",,"Sunesis",758250,"1146618-41-8","Aurora","Purchase","SRI",1,"Delivered","YES","4/1/2011","Investigational","Yes",
"ENMD-2076 Precursor",,"Entremed",759094,"934353-75-0","Aurora","Synthesis","Starks",16,"Delivered","YES","5/5/2011","Investigational","Yes",
"CYC-116",,"Cyclacel",759498,"693228-63-6","Aurora","Purchase","Starks",0.2,"Delivered","YES","5/17/2011","Investigational","Yes",
"Alisertib","MLN-8237 ","Millennium",759677,"1028486-01-2 ","Aurora","Purchase","SRI",5,"Delivered","YES","5/24/2011","Investigational","Yes",
"AMG-900",,"Amgen",761069,"945595-80-2","Aurora","Synthesis","Ash Stevens",7,"Delivered","YES","7/15/2011","Investigational","Yes",
"SCH-1473759",,"Merck",761691,"1094069-99-4","Aurora","Purchase","Ash Stevens",3.4,"Delivered","YES","9/12/2011","Investigational","Yes",
"TAK-901",,"Takeda",762151,"934541-31-8","Aurora","Synthesis","Ash Stevens",1.9,"Delivered","YES","10/14/2011","Investigational","Yes",
" AS-703569 ","R-763; R-945763","EMD Serono",703569,"871357-89-0","Aurora","Synthesis","Ash Stevens",10,"Delivered","YES","2/17/2012","Investigational","No",
"ABT-348",,"Abbott",,"1227939-82-3","Aurora","Synthesis","Ash Stevens",2,"In Progress","NO",,"Investigational","No","O=C(NC1=CC=CC(F)=C1)NC2=CC=C(C3=CSC4=C3C(N)=NC=C4C5=CN(CCO)N=C5)C=C2"
"KW-2449",,"Kyowa Hakko Kirin",759675,"1000669-72-6","Aurora; Abl; FGF; Flt-3","Purchase","Starks",0.2,"Delivered","YES","5/25/2011","Investigational","Yes",
"Orantinib","TSU-68; SU-6668","Pfizer",763929,"252916-29-3","Aurora; FGFR; PDGFR; VEGFR","Purchase","SRI",0.2,"On Order","SUBMITTED","2/29/2012","Investigational","No",
"AT-9283",,"Astex",760144,"896466-76-5","Aurora; JAK","Purchase","Starks",2,"Delivered","YES","6/3/2011","Investigational","Yes",
"R-428",,"Rigel",765262,"1037624-75-1","Axl","Synthesis","RTI",1,"Delivered","SUBMITTED",,"Investigational","No",
"RAF-265","CHIR-265","Novartis",754357,"927880-90-8","B-Raf","Synthesis","RTI",0.5,"Delivered","YES","9/1/2010","Investigational","Yes",
"SB-590885",,"GlaxoSmithKline",754362,"405554-55-4","B-Raf","Synthesis","Ash-Stevens",6,"Delivered","YES","9/1/2010","Investigational","Yes",
"PLX-4720",,"Plexxikon",757438,"918505-84-7","B-Raf","Purchase","RTI; Ash Stevens",2,"Delivered","YES","3/25/2011","Investigational","Yes",
"ARQ-680",,"ArQule",764765,"1228237-45-3","B-Raf","Synthesis","Alchem",3,"Delivered","SUBMITTED","4/16/2012","Investigational","No",
" Dabrafenib","GSK-2118436B","GlaxoSmithKline",764134,"1195768-06-9","B-Raf","Purchase","SAIC",2,"Delivered","SUBMITTED","2/28/2012","Investigational","No",
"RO-5126766",,"Roche",758248,"946128-88-7","B-Raf, MEK","Purchase","SRI",1,"Delivered","YES","4/1/2011","Investigational","Yes",
"Targegen B-Raf/PDGFR inhibitor Cpd 6",,"TargeGen",754364,"877874-85-6","B-Raf; PDGFR","Synthesis","Ash Stevens",13,"Delivered","YES","9/1/2010","Investigational","Yes",
"Obatoclax      ","GX15-070","Gemin X",756663,"803712-79-0","Bcl-2","Purchase","Starks",1,"Delivered","YES","2/22/2011","Investigational","Yes",
"ABT-737 ",,"Abbott Laboratories",758873,"852808-04-9","Bcl-2","Purchase","Starks",2,"Delivered","YES","4/29/2011","Investigational","Yes",
" Navitoclax","ABT-263; RG-7433","Abbott Laboratories",759659,"923564-51-6","Bcl-2","Purchase","Ash Stevens",1,"Delivered","YES","5/20/2011","Investigational","Yes",
"ABT-199",,"Abbott Laboratories",766270,"1257044-40-8","Bcl-2","Purchase","SAIC",5,"Delivered","SUBMITTED","7/16/2012","Investigational","NO ",
"(R)-(-)-Gossypol","AT-101; BL-193","Ascenta Therapeutics",727859,"12542-36-8","Bcl-xl","Purchase",,27,"Delivered","YES","1/1/2009","Investigational","Yes",
"Ponatinib","AP-24534","Ariad",758487,"943319-70-8","Bcr-abl","Purchase","Starks",2,"Delivered","YES","4/14/2011","Investigational","Yes",
"(+)-JQ1",,"Dana Farber",764043,"1268524-70-4","BET ","Synthesis","Ash Stevens",1.1,"Delivered","SUBMITTED","2/22/2012","Investigational","No",
"PNU-74654",,"Pfizer",755984,"113906-27-7","beta-catenin-TCF","Purchase","Ash-Stevens",5,"Delivered","YES","1/13/2011","Investigational","Yes",
"PCI-32765",,"Pharmacyclics",761910,"936563-96-1","BTK","Synthesis","Ash Stevens",1.9,"Delivered","YES","9/27/2011","Investigational","Yes",
"Odanacatib","MK-0822","Merck",,"603139-19-1","Capthepsin K","Purchase","SAIC",3,"On Order","NO",,"Investigational","No","CC(C)(F)C[C@@H](C(NC1(C#N)CC1)=O)N[C@@H](C2=CC=C(C3=CC=C(S(=O)(C)=O)C=C3)C=C2)C(F)(F)F"
"XL-413","BMS-863233","Exelixis",,"1169558-38-6","CDC7","Synthesis","LSC",5,"In Progress","NO",,"Investigational","No","O=C1C(OC2=CC=C(Cl)C=C23)=C3N=C([C@H]4NCCC4)N1"
"Lenvatinib","E-7080","Eisai",755980,"417716-92-8","c-Kit","Purchase","Starks",8.5,"Delivered","YES","1/18/2011","Investigational","Yes",
"Quizartinib","AC-220","Ambit Biosciences",756647,"950769-58-1","c-Kit","Synthesis","Ash Stevens",10,"Delivered","YES","2/9/2011","Investigational","Yes",
"Tandutinib","MLN-518","Millennium",760841,"387867-13-2","c-Kit","Purchase","SRI",10,"Delivered","YES","7/8/2011","Investigational","Yes",
"Masitinib","AB-1010","AB Science; CNRS",755400,"790299-79-5","c-Kit; FGFR","Purchase","Starks",10,"Delivered ","YES","11/30/2010","Investigational","Yes",
"OSI-930 ",,"OSI",," 728033-96-3","c-Kit; PDGFR; VEGFR-2","Purchase","SAIC",10,"On Order","NO",,"Investigational","No","O=C(C1=C(NCC2=CC=NC3=CC=CC=C23)C=CS1)NC4=CC=C(OC(F)(F)F)C=C4"
"AMG-458",,"Amgen",754346,"913376-83-7","c-Met","Synthesis","SRI",15,"Delivered","YES","9/1/2010","Investigational","Yes",
"Tivantinib","ARQ-197","ArQule",758242,"1000873-98-2","c-Met","Purchase","SRI; SAIC",21,"Delivered","YES","4/1/2011","Investigational","Yes",
"EMD-1214063",,"EMD Serono",758244,"1100598-32-0","c-Met","Purchase","SRI",5,"Delivered","YES","4/1/2011","Investigational","Yes",
"SGX-523",,"SGX",758591,"1022150-57-7","c-Met","Synthesis","Starks",8,"Delivered","YES","4/22/2011","Investigational","Yes",
"JNJ-38877605",,"Johnson & Johnson",759095,"1072116-03-0","c-Met","Purchase","Ash Stevens",10,"Delivered","YES","5/6/2011","Investigational","Yes",
"MK-8033 ",,"Merck",761692,"1196681-38-5","c-Met","Synthesis","Ash Stevens",5,"Delivered","YES","9/12/2011","Investigational","Yes",
"PF-04217903",,"Pfizer",763931,"956905-27-4","c-Met","Purchase","Ash Stevens",2,"Delivered","SUBMITTED","2/15/2012","Investigational","No",
"BMS-777607",,"BMS",764090,"1196681-44-3","c-Met","Purchase","Ash Stevens",2,"Delivered","SUBMITTED","2/29/2012","Investigational","No",
"AMG-208",,"Amgen",,,"c-Met","Purchase","SAIC",5,"On Order","NO",,"Investigational","No","COC1=CC=C(C(OCC2=NN=C3N2N=C(C4=CC=CC=C4)C=C3)=CC=N5)C5=C1"
"EMD-1204831",,"Merck Serono",,"1100598-15-9","c-Met","Synthesis","LSC",5,"In Progress","NO",,"Investigational","NO ","O=C1C=CC(C2=CN(C)N=C2)=NN1CC3=CC=CC(C4=NC=C(OCCN5CCOCC5)C=N4)=C3"
"PHA-665752",,"Pfizer",766271,"477575-56-7","c-Met","Purchase","SAIC",5,"Delivered","SUBMITTED","7/16/2012","Investigational","No",
"S-49076",,"Servier",765672,"1266319-57-6","c-Met; FGFR","Synthesis","Alchem",4,"Delivered","SUBMITTED","5/30/2012","Investigational","No",
"Foretinib","GSK-1363089; XL-880","Exelixis",755775,"849217-64-7","c-Met; VEGFR","Purchase","Starks",2,"Delivered","YES","1/5/2011","Investigational","Yes",
"Cabozantinib","XL-184; BMS-907351","Exelixis",761068,"1140909-48-3","c-Met; VEGFR2","Purchase","Ash Stevens",4,"Delivered","YES","7/13/2011","Investigational","Yes",
"10058-F4",,"Univ Pittsburgh",764582,"403811-55-2","c-Myc","Purchase","SAIC",0.5,"Delivered","SUBMITTED","3/30/2012","Investigational","No",
"10074-G5",,"Univ Pittsburgh",764609,"413611-93-5","c-Myc","Purchase","SAIC",0.2,"Delivered","SUBMITTED","4/3/2012","Investigational","No",
"Orteronel","TAK-700","Takeda",764488,"426219-23-0","C17-20 Lyase","Purchase","Ash Stevens",2,"Delivered","SUBMITTED","3/27/2012","Investigational","No",
"Hydrastinine HCl",,,,"6592-85-4","Cardiotonic, uterine hemostatic","Purchase","Ash Stevens",0.1,"On Order","NO",,"Investigational","No","OC1N(C)CCC2=C1C=C(OCO3)C3=C2"
"BIM-46187 ",,"Ipsen",760842,"892546-37-1","Caspase-3","Synthesis","Alchem",10.5,"Delivered","YES","7/12/2011","Investigational","Yes",
"Salinomycin",,,757437,"53003-10-4","CD133","Purchase","RTI",2,"Delivered","YES","3/23/2011","Investigational","Yes",
"Flavopiridol","Alvocidib; HL-275","Sanofi",649890,"131740-09-5","CDK",,,76,"Delivered","YES","1/1/2009","Investigational","Yes",
"Dinaciclib","SCH-727965","Merck",747135,"779353-01-4","CDK","Synthesis","Starks",3,"In Progress","NO",,"Investigational","No",
"R-1530",,"Roche",,"882531-87-5","CDK; FGFR; PDGFR; VEGFR","Synthesis","Alchem",5,"In Progress","NO",,"Investigational","No","CC1=C2C(NC3=CC(OC)=C(F)C=C3C(C4=CC=CC=C4Cl)=N2)=NN1"
"LY-2835219",,"Eli Lilly",,"1231929-97-7","CDK","Synthesis",,5,"In Progress","NO",,"Investigational","No","CCN(CC1)CCN1CC(C=C2)=CN=C2NC3=NC=C(F)C(C4=CC(F)=C(N=C(C)N5C(C)C)C5=C4)=N3"
"ONX-0912  ",,"Onyx",,"935888-69-0","CDK","Synthesis","SRI",5,"In Progress","NO",,"Investigational","No","O=C([C@]1(CO1)C)[C@@H](NC([C@H](COC)NC([C@H](COC)NC(C2=CN=C(C)S2)=O)=O)=O)CC3=CC=CC=C3"
" BMS-387032","SNS-032","BMS",,"345627-92-1","CDK","Purchase","SAIC",10,"On Order","NO",,"Investigational","No","O=C(C1CCNCC1)NC2=NC=C(SCC3=NC=C(C(C)(C)C)O3)S2.O=C(C4CCNCC4)NC5=NC=C(SCC6=NC=C(C(C)(C)C)O6)S5.O=C(O)[C@H](O)[C@@H](O)C(O)=O"
"PD-0332991",,"Pfizer",758247,"571190-30-2","CDK","Purchase","SRI",1,"Delivered","YES","4/1/2011","Investigational","Yes",
"SB-1317","TG-2","S*BIO",762673,"1204918-72-8","CDK; ERK; FLT3; JAK","Synthesis","Ash Stevens",1.5,"Delivered","YES","11/9/2011","Investigational","Yes",
"AZD-7762 ",,"AstraZeneca",757148,"860352-01-8","Chk1","Purchase","Ash-Stevens",5,"Delivered","YES","3/9/2011","Investigational","Yes",
"LY-2606368",,"Eli Lilly",758257,"1234015-52-1","Chk1","Synthesis","Starks",1,"Delivered","YES","4/7/2011","Investigational","Yes",
"LY-2603618","IC-83","Eli Lilly",761188,"911222-45-2","Chk1","Purchase","Ash Stevens",1,"Delivered","YES","7/19/2011","Investigational","Yes",
"PF-477736",,"Pfizer",763444,"952021-60-2","Chk1","Synthesis","Ash Stevens",1,"Delivered","SUBMITTED","1//05/2012","Investigational","No",
"Icos Chk1 heteroarylurea",,"Icos",,"911222-45-2","Chk1","Synthesis","RTI",5,"In Progress","NO",,"Investigational","No","O=C(NC1=NC=C(C)N=C1)NC2=CC(Br)=C(C)C=C2OC[C@@H]3CNCCO3"
"SCH-900776 ","MK-8776","Merck",764659,"891494-63-6","Chk1","Purchase","SAIC",10,"Delivered","SUBMITTED","4/5/2012","Investigational","No",
"CX-4945",,"Cylene",761193,"1009820-21-6","CK2","Purchase","Starks",9,"Delivered","YES","7/29/2011","Investigational","Yes",
"JNJ-28312141",,"JNJ",754345,"1149939-55-8","CSF-1R","Synthesis","SRI",3.7,"Delivered","YES","9/1/2010","Investigational","Yes",
"BLZ-945",,"Novartis",758006,"953769-46-5","CSF-1R","Synthesis","Starks",12,"Delivered","YES","3/30/2011","Investigational","Yes",
"Gemcitabine elaidate","CP-4126; CO-101","Clavis Pharma",765775,"210829-30-4","Cytotoxic","Purchase","SAIC",10,"Delivered","NO","5/31/2012","Investigational","No",
"Teriflunomide","A-771726","Sanofi",,"108605-62-5","DHODH; MMP","Purchase","SAIC",0.025,"On Order","NO",,"Investigational","No","C/C(O)=C(C#N)/C(NC1=CC=C(C(F)(F)F)C=C1)=O"
"O-6-Benzylguanine","O6-BG","NCI",637037,"19916-73-5","DNA alkyltransferase",,,30,"Delivered","YES","1/1/2009","Investigational","Yes",
"AFP-464","aminoflavone pro-drug","Tigris",710464,"468719-53-1","DNA damaging",,,10,"Delivered","YES","1/1/2009","Investigational","No",
"FAU",,"Nascent Pharma.",678515,"69123-94-0","DNA intercalating","In DTP Inventory",,7000,"Delivered","YES","1/1/2009","Investigational","Yes",
"SGI-110",,"Astex",,"929901-49-5","DNA methyltransferase","Purchase","SAIC",2,"On Order","NO",,"Investigational","No","O=C(N=C(N)N1)C2=C1N([C@@H]3O[C@H](CO[P](O[C@@H](C[C@H](N(C=NC(N)=N4)C4=O)O5)[C@H]5CO)(O)=O)[C@@H](O)C3)C=N2"
"Afatinib","BIBW-2992","Boehringer Ingelheim",750691,"439081-18-2","EGFR","Purchase","Ash-Stevens",5,"Delivered","YES","11/17/2010","Investigational","Yes",
"WZ-4002",,"Dana Farber",755927,"1213269-23-8","EGFR","Purchase","Starks",1,"Delivered","YES","1/12/2011","Investigational","Yes",
"SR-13654",,"SRI",756662,"666752-22-3","EGFR","Synthesis","Starks",7.5,"Delivered","YES","2/22/2011","Investigational","Yes",
"BMS-599626",,"BMS",764135,"714971-09-2","EGFR","Purchase","SAIC",1,"Delivered","SUBMITTED","3/9/2012","Investigational","No",
"AP-26113",,"Ariad",761191,"1197958-36-3","EGFR; ALK","Synthesis","Starks",2.4,"Delivered","YES","7/20/2011","Investigational","Yes",
"Neratinib","WAY-179272 ","Wyeth",757439,"698387-09-6","EGFR; erbB2","Purchase","Starks",5,"Delivered","YES","3/25/2011","Investigational","Yes",
"AZD-8931",,"AstraZeneca",758005,"848942-61-0","EGFR; erbB2","Synthesis","Starks",4,"Delivered","YES","3/31/2011","Investigational","Yes",
"Varlitinib","ARRY-543","Array",764823,"845272-21-1","EGFR; erbB2","Purchase","SAIC",10,"Delivered","SUBMITTED","4/20/2012","Investigational","No",
"Dacomitinib","PF-299804","Pfizer",765888,"1110813-31-4","EGFR; erbB2","Purchase","SAIC",4,"Delivered","NO","6/13/2012","Investigational","No",
"AEE-788 ",,"Novartis",765949,"497839-62-0","EGFR; erbB2; VEGF","Purchase","SAIC",10,"Delivered","SUBMITTED","6/19/2012","Investigational","No",
"JNJ-26483327",,"JNJ",,"807640-87-5","EGFR; erbB2; Src; VEGFR","Synthesis","LSC",5,"In Progress","NO",,"Investigational","No","CN1CCCCCOC(C(OC)=C2)=CC3=C2N=CN=C3NC4=CC(Br)=CC=C4C1"
"BMS-690514",,"BMS",760765,"859853-30-8","EGFR; erbB2; VEGFR","Purchase","Ash Stevens",2,"Delivered","NO","6/29/2011","Investigational","Yes",
"UNC-0638",,"UNC",764517,"1255580-76-7","EHMT2","Purchase","Alchem",0.15,"Delivered","SUBMITTED","3/27/2012","Investigational","No",
"ARRY-380",,"Array BioPharma",764581,"937265-83-3","erbB2","Synthesis","Alchem",1,"Delivered","SUBMITTED","3/30/2012","Investigational","No",
"YK-4-279",,"Georgetown Univ",765436,"1037184-44-3","ERG; ETV1","Purchase","SAIC",0.2,"Delivered","NO","5/16/2012","Investigational","No",
"PF-562271",,"Pfizer",754356,"717907-75-0","FAK","Synthesis","RTI",9.7,"Delivered","YES","9/1/2010","Investigational","Yes",
"Tipifarnib","R-115777","Johnson & Johnson",760444,"192185-68-5","Farnesyltransferase","Purchase","Ash Stevens",9.7,"Delivered","YES","6/15/2011","Investigational","Yes",
"C-75",,"John Hopkins",764756,"218137-86-1","FAS","Purchase","SAIC",0.2,"Delivered","SUBMITTED","4/12/2012","Investigational","No",
"Cerulenin",,"Daiichi Sankyo",764755,"17397-89-6","FAS","Purchase","SAIC",0.2,"Delivered","SUBMITTED","4/12/2012","Investigational","No",
"Astex FGF inhibitor",,"Astex",754361,"1036991-21-5","FGFR","Synthesis","Ash-Stevens",10,"Delivered","YES","9/1/2010","Investigational","Yes",
"NVP-BGJ398","BGJ-398","Novartis",764487,"872511-34-7","FGFR","Synthesis","SRI",2,"Delivered","SUBMITTED","3/26/2012","Investigational","No",
"MK-2461",,"Merck",764580,"917879-39-1","FGFR; c-Met","Synthesis","Alchem",2,"Delivered","SUBMITTED","3/30/2012","Investigational","No",
"AZD-4547",,"AstraZeneca",764239,"1035270-39-3","FGFR1","Purchase","Ash Stevens",1,"Delivered","SUBMITTED","3/9/2012","Investigational","No",
"ITRI-260",,"Industrial Institute",761879,"1253836-17-7","Flt-3","Synthesis","Starks",2.7,"Delivered","YES","9/23/2011","Investigational","Yes",
"VX-322",,"Vertex",,"885610-66-2","Flt-3","Synthesis","LSC",5,"In Progress","NO",,"Investigational","No","NC1=NC(NC2=CC=C([C@H]3CC[C@H](N4CCOCC4)CC3)C=C2)=NN1C5=NC=CC=C5"
"BPR1J-097",,"National Health Res Inst",,,"Flt-3","Purchase","SAIC",1,"On Order","NO",,"Investigational","No","O=C(NC1CC(C2=CC=CC(NS(=O)(C3=CC=CC=C3)=O)=C2)=NN1)C4=CC=C(N5CCN(C)CC5)C=C4"
"Tempol","OT-674","Mitos Pharmaceuticals",142784,"2226-96-2","free-radical scavenger",,,4,"Delivered","YES","1/1/2009","Investigational","Yes",
"PF-03084014 diastereomer 1",,"Pfizer",754348,"865773-15-5","Gamma Secretase","Synthesis","Starks",5,"Delivered","YES","9/1/2010","Investigational","Yes",
"PF-03084014 diastereomer 2",,"Pfizer",755926,"865773-15-5","Gamma Secretase","Synthesis","Starks",5,"Delivered","YES","1/7/2011","Investigational","Yes",
"Semagacestat","LY-450139 ","Eli Lilly",755982,"425386-60-3","Gamma secretase","Purchase","Ash Stevens",10,"Delivered","YES","1/19/2011","Investigational","Yes",
"RO-4929097","RG-4733","Roche",756650,"847925-91-1","Gamma Secretase","Purchase","SRI; Starks",1,"Delivered","YES","2/7/2011","Investigational","Yes",
"BMS-708163",,"BMS",761217,"1146699-66-2","Gamma secretase","Purchase","Starks",1,"Delivered","YES","8/4/2011","Investigational","Yes",
"BMS-299897",,"BMS",762672,"290315-45-6","Gamma Secretase","Synthesis","Starks",8.7,"Delivered","YES","11/9/2011","Investigational","No",
"MK-0752","L-000891675","Merk",762829,"471905-41-6","Gamma Secretase","Synthesis","SRI",0.25,"Delivered","YES","11/14/2011","Investigational","Yes",
"L-685458",,"Merck",,,"Gamma Secretase","Purchase","SAIC",5,"On Order","NO",,"Investigational","No","O=C(N)[C@H](CC1=CC=CC=C1)NC([C@H](CC(C)C)NC([C@H](CC2=CC=CC=C2)C[C@@H](O)[C@@H](NC(OC(C)(C)C)=O)CC3=CC=CC=C3)=O)=O"
"BMS-433796",,"BMS",,"935525-13-6","Gamma Secretase","Purchase","SAIC",10,"On Order","NO",,"Investigational","No","O=C([C@H](C)NC([C@H](C1=CC(F)=CC(F)=C1)O)=O)N[C@H]2C3=CC=CC=C3C=NN(C)C2=O"
"Pelitrexol","AG-2037","Pfizer",,"446022-33-9","GARTF","Synthesis; Purchase","Alchem; SAIC",3,"In Progress","NO",,"Investigational","No","O=C(O)CC[C@@H](C(O)=O)NC(C1=CC(C)=C(CC[C@H](CN2)CC3=C2N=C(N)NC3=O)S1)=O"
"CP-91149",,"Pfizer",761690,"186392-40-5 ","Glycogen phosphorylase ","Synthesis","Ash Stevens",1,"Delivered","YES","9/14/2011","Investigational","Yes",
"6-Bromoindirubin-3'-Acetoxime","BIA","CNRS",764238,"667463-85-6","GSK-3","Purchase","SAIC",0.01,"Delivered","SUBMITTED","3/9/2012","Investigational","No",
"Ezatiostat","TLK-199","Telik",758484,"286942-97-0 ","GSTP1","Purchase","Ash Stevens",2,"Delivered","YES","4/12/2011","Investigational","Yes",
"Entinostat","MS-275; SNDX-275","Syndax",756642,"209783-80-2","HDAC","Purchase","Ash Stevens",10,"Delivered","YES","1/24/2011","Investigational","Yes",
"Pracinostat","SB-939","S*BIO",758249,"929016-96-6","HDAC","Purchase","SRI",1,"Delivered","YES","4/1/2011","Investigational","Yes",
"Belinostat","PXD-101"," TopoTarget",758774,"414864-00-9","HDAC","Purchase","Ash Stevens",10,"Delivered","YES","4/27/2011","Investigational","Yes",
"JNJ-26481585",,"Johnson & Johnson",759657,"875320-29-9","HDAC","Purchase","Starks",0.2,"Delivered","YES","5/20/2011","Investigational","Yes",
"Mocetinostat","MG-0103","MethylGene",760143,"726169-73-9","HDAC","Purchase","Starks",0.2,"Delivered","YES","6/7/2011","Investigational","Yes",
"Panobinostat","LBH-589","Novartis",761190,"404950-80-7","HDAC","Purchase","Starks",1,"Delivered","YES","7/26/2011","Investigational","Yes",
"Abexinostat","PCI-24781","Celera",764136,"783355-60-2","HDAC","Purchase","Ash Stevens",2,"Delivered","SUBMITTED","3/5/2012","Investigational","No",
"4SC-202 ",,"4SC",759905,"1186222-89-8","HDAC","Synthesis","SRI",5.6,"Delivered","YES","6/1/2011","Investigational","Yes",
"ST-3595",,"Sigma-Tau",762153,"918332-89-5","HDAC","Synthesis","SRI",5,"Delivered","YES","10/14/2011","Investigational","Yes",
"ACY-1215",,"Dana Farber",,"1316214-52-4","HDAC","Purchase","SAIC",3,"On Order","NO",,"Investigational","No","O=C(NCCCCCCC(NO)=O)C1=CN=C(N=C1)N(C2=CC=CC=C2)C3=CC=CC=C3"
"3-Bromopyruvic acid",,"John Hopkins",62343,"70-23-5","Hexokinase II",,,50,"Delivered","YES","1/1/2009","Investigational","No",
"Lificiguat  ","YC-1","Abbott",756879,"170632-47-0","HIF 1","Purchase","Starks",0.05,"Delivered","YES","3/8/2011","Investigational","Yes",
"Tanespimycin","17-AAG","BMS",330507,"75747-14-7","Hsp90",,,600,"Delivered","YES","1/1/2009","Investigational","Yes",
"Alvespimycin","17-DMAG","BMS",707545,"467214-21-7","Hsp90",,,11,"Delivered","YES","1/1/2009","Investigational","Yes",
"AUY-922","VER-52296","Novartis",755762,"747412-49-3","Hsp90","Purchase","Starks",8.5,"Delivered","YES","12/23/2010","Investigational","Yes",
"CUDC-305","Debio-0932","Curis",761194,"1061318-81-7","Hsp90","Synthesis","Alchem",0.5,"Delivered","YES","7/27/2011","Investigational","Yes",
"By-Product of CUDC-305",,,761390,,"Hsp90","Synthesis","Alchem",0.07,"Delivered","YES","8/8/2011","Investigational","No",
"AT-13387 ",,"Astex",763579,"912999-49-6","Hsp90","Purchase","Ash Stevens",2,"Delivered","SUBMITTED","1/25/2012","Investigational","No",
"MPC-3100",,"Myrexis",,"958025-66-6","Hsp90","Synthesis","RTI",1,"In Progress","NO",,"Investigational","No","C[C@H](O)C(N1CCC(CCN2C(SC3=C(Br)C=C(OCO4)C4=C3)=NC5=C(N)N=CN=C25)CC1)=O"
"PF-4942847",,"Pfizer",,"1207961-33-8","Hsp90","Synthesis","LSC",2,"In Progress","NO",,"Investigational","No","O=C(N1CC2=NC(N)=NC(C3=C(C)C=C(Cl)C=C3OCCN4N=CC(F)=C4)=C2C1)NCC(F)(F)C"
"Ganetespib","STA-9090","Synta",765435,"888216-25-9","Hsp90","Synthesis","SAIC",10,"Delivered","SUBMITTED","5/15/2012","Investigational","No",
"SB-203580",,"GlaxoSmithKline",755772,"152121-47-6","HSPBAP1; PDK1","Purchase","SRI",1,"Delivered","YES","12/23/2010","Investigational","Yes",
"GDC-0152",,"Roche",765898,,"IAP","Synthesis","LSC",5,"Delivered","SUBMITTED","6/18/2012","Investigational","No",
"Birinapant","TL-32711","TetraLogic",,,"IAP","Purchase","SAIC",10,"On Order","NO",,"Investigational","No","FC1=CC2=C(C=C1)C(C[C@H]3N([C@@H](CC)C(NC([C@@H](NC)C)=O)=O)C[C@@H](O)C3)=C(C(N4)=C(C[C@H]5N([C@@H](CC)C(NC([C@@H](NC)C)=O)=O)C[C@@H](O)C5)C6=C4C=C(F)C=C6)N2"
"Linsitinib","OSI-906; ASP-7487","OSI",756652,"867160-71-2","IGF-1R","Purchase","SRI",8,"Delivered","YES","1/28/2011","Investigational","Yes",
"BMS-754807",,"BMS",758243,"1001350-96-4","IGF-1R","Purchase","SRI",1,"Delivered","YES","4/1/2011","Investigational","Yes",
"BMS-536924",,"BMS",761760,"468740-43-4","IGF-1R","Purchase","SRI",1,"Delivered","YES","9/21/2011","Investigational","No",
"KHK Indazole",,"Kyowa Hakko Kogyo",761931,"904897-64-9","IGF-1R","Synthesis","Ash Stevens",2.9,"Delivered","YES","9/29/2011","Investigational","Yes",
"GSK-1904529A",,"GlaxoSmithKline",,"1089283-49-7","IGF-1R","Purchase","Starks",1,"On Order","NO",,"Investigational","No","O=C(NC1=C(F)C=CC=C1F)C2=CC(C3=C(C4=NC(NC5=CC(CC)=C(N6CCC(N7CCN(S(=O)(C)=O)CC7)CC6)C=C5OC)=NC=C4)N8C=CC=CC8=N3)=CC=C2OC"
"ADW-742","GSK-552602-A","Novartis",,"475488-23-4","IGF-1R","Purchase","Starks",1,"On Order","NO",,"Investigational","No","NC1=C2C(N([C@H]3C[C@H](CN4CCCC4)C3)C=C2C5=CC=CC(OCC6=CC=CC=C6)=C5)=NC=N1"
"GSK-1838705A",,"GlaxoSmithKline",766255,"1186659-59-5","IGF-1R","Purchase","SAIC",1,"Delivered","SUBMITTED","7/13/2012","Investigational","No",
"AEW-541",,"Novartis",,"475489-16-8","IGF-1R","Purchase","SAIC",5,"On Order","NO",,"Investigational","No","NC1=C2C(N([C@H]3C[C@@H](CN4CCC4)C3)C=C2C5=CC=CC(OCC6=CC=CC=C6)=C5)=NC=N1"
"BP-1-102",,"University of Toronto",764037,"1334493-07-0","IL-6; Stat3","Synthesis","Alchem",1,"Delivered","SUBMITTED","2/22/2012","Investigational","No",
"ONX-0914","PR-957","Onyx",762152,"960374-59-8","Immunoproteasome","Synthesis","SRI",0.5,"Delivered","YES","10/14/2011","Investigational","Yes",
"1-Methyl-[D]-tryptophan",,"NewLinkGenetics",721782,"110117-83-4","Indoleamine 2,3-dioxygenase",,,57,"Delivered","YES","1/1/2009","Investigational","No",
"Picoplatin","AMD-473; ZD-0473","Poniard",758490,"181630-15-9","Inhibition of DNA replication","Purchase","SRI",1,"Delivered","YES","4/15/2011","Investigational","Yes",
"Triapine","PAN-811; 3-AP","Vion Pharmaceuticals",759096,"143621-35-6 ","Inhibition of DNA synthesis","Purchase","Ash Stevens",7,"Delivered","YES","5/6/2011","Investigational","Yes",
"AZD-1480",,"AstraZeneca",756648,"935666-88-9","JAK","Purchase","Ash Stevens",5,"Delivered","YES","2/8/2011","Investigational","Yes",
"LY-2784544",,"Eli Lilly",764820,"1229236-86-5","JAK","Purchase","SAIC",5,"Delivered","SUBMITTED","4/19/2012","Investigational","No",
"WP-1034",,"MD Anderson",755981,"857064-42-7","JAK; STAT","Synthesis","SRI",1.5,"Delivered","YES","1/13/2011","Investigational","Yes",
"Pacritinib","SB-1518; ONX-0803","S*BIO",759674,"1138325-13-9","JAK2","Synthesis","Starks",0.2,"Delivered","YES","5/24/2011","Investigational","Yes",
"BMS-911543",,"BMS",,"1271022-90-2","JAK2","Purchase","SAIC",1,"On Order","NO",,"Investigational","No","O=C(C1=CC2=C(N(C)C=N3)C3=C(NC4=NN(C)C(C)=C4)N=C2N1CC)N(C5CC5)C6CC6"
"SP-600125",,"Celgene",755773,"12956-6","JNK; p38 MAPK","Purchase","SRI",5,"Delivered","YES","12/23/2010","Investigational","Yes",
"LOR-253","LT-253","Lorus",763832,"916151-99-0","KLF4","Synthesis","Alchem",5,"Delivered","SUBMITTED","2/7/2012","Investigational","No",
"Ispinesib","SB-715992; CK-0238273","Cytokinetics",755386,"336113-53-2","KSP","Purchase","Ash-Stevens",5,"Delivered","YES","11/17/2010","Investigational","Yes",
"EMD-534085",,"Merck KGaA",763564,"858668-07-2","KSP","Purchase","Ash Stevens",8,"Delivered","SUBMITTED","1/20/2012","Investigational","No",
"ARRY-520",,"Array BioPharma",,"885060-09-3","KSP","Purchase","SAIC",1,"On Order","NO",,"Investigational","No","O=C(N1[C@@](C2=CC=CC=C2)(CCCN)SC(C3=CC(F)=CC=C3F)=N1)N(OC)C"
"Litronesib","LY-2523355","Eli Lilly",765673,"1219032-64-0","KSP; Eg5","Synthesis","Alchem",4,"Delivered","SUBMITTED","5/30/2012","Investigational","No",
"CT-32228",,"Cell Therapeutics",762419,"521064-34-6","LPAAT-beta; VEGFR","Purchase","Starks",3,"Delivered","YES","10/28/2011","Investigational","Yes",
"JZL-184",,"VCU",763094,"1101854-58-3","MAGL","Purchase","SAIC",10,"Delivered","SUBMITTED","12/13/2011","Investigational","No",
"JZL-195",,,763527,"1210004-12-8","MAGL","Purchase","SAIC",5,"Delivered ","SUBMITTED","1/18/2012","Investigational","No",
"TDP-665759","JNJ-27291199","3-Dimensional",754358,"787632-66-0","MDM2","Synthesis","Alchem",11.8,"Delivered","YES","9/1/2010","Investigational","Yes",
"MI-219",,"University of Michigan",754360,"1201143-87-4","MDM2","Synthesis","Alchem",10,"Delivered","YES","9/1/2010","Investigational","Yes",
"(+/-)-Nutlin-3",,"Roche",756875,"548472-68-0","MDM2","Purchase","Starks",0.1,"Delivered","YES","2/23/2011","Investigational","Yes",
"(-)-Nutlin-3",,"Roche",756876,"675576-98-4","MDM2","Purchase","Starks",1,"Delivered","YES","2/23/2011","Investigational","Yes",
" 1st Precursur Intermediate to TDP 665759",,,756877,"898222-46-3","MDM2","Synthesis","Alchem",10,"Delivered","YES","2/28/2011","Investigational","Yes",
"2nd Precursur Intermediate to TDP 665759",,,756878,,"MDM2","Synthesis","Alchem",2,"Delivered","YES","2/28/2011","Investigational","Yes",
"(+)-Nutlin-3",,"Roche",763443,"675576-97-3","MDM2","Purchase","SAIC",0.1,"Delivered ","SUBMITTED","1/5/2012","Investigational","No",
"PD-98059",,"Pfizer",679828,"167869-21-8","MEK","Purchase","Starks",10,"Delivered","YES","9/22/2010","Investigational","Yes",
"Selumetinib","AZD-6244","AstraZeneca",741078,"606143-52-6","MEK","Purchase","SRI; Starks",5,"Delivered","YES","3/4/2011","Investigational","Yes",
" AS-703026","MSC-1936369","Santhera",755763,"1236699-92-5 ","MEK","Purchase","Starks; SRI",6.2,"Delivered","YES","12/23/2010","Investigational","Yes",
"GSK-1120212",,"GlaxoSmithKline",758246,"1204531-25-8 ","MEK","Purchase","SRI",1,"Delivered","YES","4/1/2011","Investigational","Yes",
"TAK-733",,"Takeda",761215,"1035555-63-5","MEK","Synthesis","Starks",2.5,"Delivered","YES","8/4/2011","Investigational","Yes",
"RO-4987655","CH-4987655","Roche; Chugai",762521,"874101-00-5","MEK","Purchase","Ash Stevens",0.5,"Delivered","YES","11/3/2011","Investigational","Yes",
"ARRY-162","MEK-162","Array BioPharma",764042,"1201685-05-3","MEK","Purchase","SAIC",1,"Delivered","SUBMITTED","2/24/2012","Investigational","No",
"XL-518","GDC-0973; RG-7420","Exelixis",,"934660-93-2","MEK","Purchase","SAIC",0.5,"In Progress","NO",,"Investigational","No","O=C(C1=CC=C(F)C(F)=C1NC2=CC=C(I)C=C2F)N3CC([C@H]4NCCCC4)(O)C3"
"BAY-86-9766","AR-119; RDEA-119","Bayer",765866,"923032-37-5","MEK","Synthesis","Alchem",3,"Delivered","NO","6/12/2012","Investigational","No",
"PD-184352",,"Pfizer",765965,"212631-79-3","MEK","Purchase","SAIC",5,"Delivered","NO","5/18/2012","Investigational","No",
"PD-0325901",,"Pfizer",755770,"391210-10-9","MEK ","Purchase","SRI",1,"Delivered","YES","12/23/2010","Investigational","Yes",
"BAL-101553",,"Basilea Pharmaceutica",764608,"1263384-43-5","Microtubule","Synthesis","Alchem",3,"Delivered","SUBMITTED","3/31/2012","Investigational","No",
"BEZ-235",,"Novartis",751249,"915019-65-7","mTor","Purchase","SRI",10,"Delivered","YES","10/29/2010","Investigational","Yes",
"Deforolimius","MK-8669 ","Merck",757440,"572924-54-0","mTor","Purchase","Starks",0.5,"Delivered","YES","3/25/2011","Investigational","Yes",
"PKI-587","PF-05212384","Pfizer",758256,"1197160-78-3","mTor","Synthesis","Starks",10,"Delivered","YES","4/7/2011","Investigational","Yes",
"INK-128","MLN-0128","Intellikine",764658,"1224844-38-5","mTor","Purchase","SAIC",1,"Delivered","SUBMITTED","4/5/2012","Investigational","No",
"AZD-8055",,"AstraZeneca",758871,"1009298-09-2","mTor","Synthesis","Starks",2,"Delivered","YES","4/28/2011","Investigational","Yes",
"OSI-027",,"OSI",759660,"1187559-66-5","mTor","Purchase","Starks",8.8,"Delivered","YES","5/20/2011","Investigational","Yes",
"PP-242",,"UCSF",764515,"1092351-67-1","mTor","Purchase","Alchem",1,"Delivered","SUBMITTED","3/27/2012","Investigational","No",
"GDC-0349",,"Roche",,"1207360-89-1","mTor","Synthesis","LSC",5,"In Progress","NO",,"Investigational","No","C[C@@H](COCC1)N1C2=C(CCN(C3COC3)C4)C4=NC(C5=CC=C(NC(NCC)=O)C=C5)=N2"
"AZD-2014",,"AstraZeneca",,"1009298-59-2","mTor","Synthesis",,5,"In Progress","NO",,"Investigational","No","O=C(NC)C1=CC=CC(C2=NC3=NC(N4[C@@H](C)COCC4)=NC(N5[C@@H](C)COCC5)=C3C=C2)=C1"
"GDC-0980","R-7422; RG-7422","Roche",764091,"1256580-46-7","mTor; PI3K","Purchase","Ash Stevens",2,"Delivered","SUBMITTED","2/29/2012","Investigational","No",
"MLN-4924",,"Millennium",761192,"1160295-21-5","NAE","Purchase","SRI",0.05,"Delivered","YES","7/26/2011","Investigational","Yes",
"Daporinad","FK-866; AP0-866","Astellas",760442,"658084-64-1","NMPRTase","Purchase","Starks",0.05,"Delivered","YES","6/16/2011","Investigational","Yes",
"Teglarinad","GMX-1777; EB-1627","Gemin X",761189,"432037-57-5","NMRPRTase","Synthesis","Ash Stevens",8.3,"Delivered","YES","7/19/2011","Investigational","Yes",
"SB-239063",,"GlaxoSmithKline",756653,"193551-21-2","p38 MAPK","Purchase","SRI",1,"Delivered","YES","1/28/2011","Investigational","Yes",
"LY-2228820",,"Eli Lilly",,"862507-23-1","p38 MAPK","Purchase","SAIC",1,"On Order","NO",,"Investigational","No","NC1=NC2=CC=C(C3=C(C4=CC=C(F)C=C4)N=C(C(C)(C)C)N3)N=C2N1CC(C)(C)C"
"Iniparib","BSI-201","Sanofi",752493,"160003-66-7","Parp-1","Synthesis","Ash-Stevens",11,"Delivered","YES","7/15/2010","Investigational","Yes",
"Veliparib","ABT-888","Abbott",752840,"912444-00-9","Parp-1","Purchase","Ash Stevens",5,"Delivered","YES","10/13/2010","Investigational","Yes",
"Olaparib","AZD-2281; KU-59436","AstraZeneca",753686,"763113-22-0","Parp-1","Purchase","Ash-Stevens",10,"Delivered","YES","4/7/2011","Investigational","Yes",
"MK-4827",,"Merck",754355,"1038915-60-4","Parp-1","Synthesis","RTI",2.5,"Delivered","YES","9/1/2010","Investigational","Yes",
"Rucaparib","PF-01367338; AG-014699","Pfizer",756644,"917828-48-9","Parp-1","Purchase","Starks",1,"Delivered","YES","1/31/2011","Investigational","Yes",
"BMN-673 (racemate)","LT-00673","BioMarin",765396,"1207456-01-6","Parp-1","Synthesis","Alchem",1,"Deliuvered","SUBMITTED","5.10/12","Investigational","No",
"CEP-9722",,"Cephalon",,"916574-83-9","Parp-1","Synthesis","LSC",5,"In Progress","NO",,"Investigational","No","O=C1N(CN2CCN(C)CC2)C(C3=C1C4=C(C5=C3CCC5)NC6=C4C(OC)=CC=C6)=O"
" Crenolanib","CP-868596","Pfizer",763526,"670220-88-9","PDGFR","Synthesis","Starks",4,"Delivered","SUBMITTED","1/13/2012","Investigational","No",
"Linifanib","ABT-869","Abbott",764237,"796967-16-3","PDGFR; VEGFR","Purchase","SAIC",3,"Delivered","SUBMITTED","3/9/2012","Investigational","No",
"OSU-03012 ",,"Ohio State",756657,"742112-33-0","PDK-1","Purchase","SRI",1,"Delivered","YES","1/28/2011","Investigational","Yes",
"OSU-03013",,"Ohio State",756658,"742112-34-1","PDK-1","Purchase","SRI",1,"Delivered","YES","1/28/2011","Investigational","Yes",
"BX-912",,"Berlex",758485,"702674-56-4","PDK-1","Purchase","Ash Stevens",1,"Delivered","YES","4/13/2011","Investigational","Yes",
"GSK-2334470",,"GlaxoSmithKline",759658,"1227911-45-6","PDK-1","Synthesis","RTI",5,"Delivered","YES","5/19/2011","Investigational","Yes",
"Wortmannin",,"Sigma Aldrich",221019,"19545-26-7","pI3K",,,4,"Delivered","YES","1/1/2009","Investigational","Yes",
"Wortmannin Analog",,,722134,"502844-51-1","PI3K",,,2,"Delivered","YES","1/1/2009","Investigational","Yes",
"XL-147",,"Exelixis",754351,"956958-53-5","pI3K","Synthesis","Starks",17,"Delivered","YES","9/1/2010","Investigational","Yes",
"BKM-120",,"Novartis",754353,"944396-07-0","pI3K","Synthesis","SAIC",16,"Delivered","YES","9/1/2010","Investigational","Yes",
"GDC-0941","RG-7321 ","Roche",755385,"957054-30-7","pI3K","Purchase","Ash-Stevens",5,"Delivered","YES","11/17/2010","Investigational","Yes",
"LY-294002",,"Eli Lilly",755769,"154447-36-6","pI3K","Purchase","SRI",1,"Delivered","YES","12/23/2010","Investigational","Yes",
"CAL-101","GS-1101","Icos",759224,"870281-82-6","PI3K","Purchase","Starks; RTI",10,"Delivered","YES","5/10/2011","Investigational","Yes",
"PI-103",,"Astellas",759676,"371935-74-9","PI3K","Purchase","Starks",0.18,"Delivered","YES","5/25/2011","Investigational","Yes",
"BAY-80-6946 ",,"Bayer",760443,"1032568-63-0","PI3K","Synthesis","SRI",0.2,"Delivered","YES","6/14/2011","Investigational","Yes",
"PF-04691502",,"Pfizer",760536,"1013101-36-4","pI3K","Purchase","Ash-Stevens",5,"Delivered","YES","6/22/2011","Investigational","Yes",
"CH-5132799 ",,"Chugai",762382,"1007207-67-1","PI3K","Synthesis","Ash Stevens",10,"Delivered","YES","10/26/2011","Investigational","Yes",
"GSK-2126458",,"GSK",764092,"1086062-66-9","PI3K","Purchase","Ash Stevens",2,"Delivered","SUBMITTED","2/29/2012","Investigational","No",
"ZSTK-474",,"Zenyaku Kogyo",764516,"475110-96-4","PI3K","Purchase","Alchem",1,"Delivered","SUBMITTED","3/27/2012","Investigational","No",
"BYL-719",,"Novartis",765974,"1217486-61-7","PI3K","Purchase","SAIC",5,"Delivered","SUBMITTED","6/20/2012","Investigational","No",
"XL-765","SAR-245409",,,,"PI3K","Purchase","SAIC",5,"On Order","NO",,"Investigational","No","O=S(NC1=NC2=CC=CC=C2N=C1NC3=CC(OC)=CC(OC)=C3)(C4=CC=C(NC(C5=CC=C(C)C(OC)=C5)=O)C=C4)=O"
"GSK-2636771",,"GlaxoSmithKline",,"1372540-25-4","PI3K","Synthesis","Starks",5,"In Progress","NO",,"Investigational","No","O=C(C1=C2N=C(C)N(CC3=CC=CC(C(F)(F)F)=C3C)C2=CC(N4CCOCC4)=C1)O"
"SGI-1776","SG-0407","Astex",757333,"1173928-26-1","PIM-1","Synthesis","RTI",5,"Delivered","YES","3/18/2011","Investigational","Yes",
"H-89",,"Univ Penn",755766,"127243-85-0","PKA","Purchase","SRI",1,"Delivered","YES","12/23/2010","Investigational","Yes",
"Chelerythrine ",,"Marinus",36405,"3895-92-9","PKC",,,22,"Delivered","YES","1/1/2009","Investigational","Yes",
"Staurosporine","AM-2282","Ajinomoto",755774,"62996-74-1","PKC","Purchase","SRI",1,"Delivered","YES","12/23/2010","Investigational","Yes",
"ON-01910Na",,"Onconova",754344,"592542-60-4","PLK-1","Synthesis","SRI",17,"Delivered","YES","9/1/2010","Investigational","Yes",
"GSK-461364",,"GlaxoSmithKline",754354,"929085-18-1","PLK-1","Purchase","Starks",2,"Delivered","YES","9/1/2010","Investigational","Yes",
"BI-2536",,"Boehringer Ingelheim",755983,"755038-02-9","PLK-1","Purchase","Ash-Stevens; RTI",14,"Delivered","YES","1/13/2011","Investigational","Yes",
"Volasertib","BI-6727","Boehringer Ingelheim",757149,"755038-65-4","PLK-1","Purchase","Ash Stevens",2,"Delivered","YES","3/15/2011","Investigational","Yes",
"TAK-960 analog",,"Takeda",761759,"1157847-46-5","PLK-1","Synthesis","RTI",4,"Delivered","YES","9/21/2011","Investigational","No",
"Des-fluoro-TAK-960",,"Roche/Takeda",762154,"1201692-18-3","PLK-1","Synthesis","RTI",3,"Delivered","YES","10/18/2011","Investigational","Yes",
"TAK Plk inhibitor",,"Takeda",762418,"1214266-16-6","PLK-1","Synthesis","RTI",1,"Delivered","YES","10/27/2011","Investigational","Yes",
"TAK-960",,"Takeda",,"1137868-52-0","PLK-1","Synthesis",,5,"In Progress","NO",,"Investigational","No","O=C(NC1CCN(C)CC1)C2=CC(OC)=C(NC3=NC=C(N4C)C(N(C5CCCC5)CC(F)(F)C4=O)=N3)C=C2F"
"MLN-0905",,"Millenium",,"1228960-69-7","PLK-1","Synthesis","Alchem",,"In Progress","NO",,"Investigational","No","S=C1NC2=CC(C(F)(F)F)=CC=C2C3=NC(NC4=CC(CCCN(C)C)=CN=C4C)=NC=C3C1"
"CS-7017",,"Daiichi",764579,"223132-37-4","PPAR-gamma","Synthesis","Ash Stevens",2,"Delivered","SUBMITTED","3/30/2012","Investigational","No",
"Ixazomib citrate","MLN-9708","Millenium",758254,"12101902-80-8","Proteasome","Purchase","Starks",0.5,"Delivered","YES","4/5/2011","Investigational","Yes",
"Ixazomib","MLN-2238","Millenium",,"1072833-77-2","Proteasome","Purchase","SAIC",10,"On Order","NO",,"Investigational","No","CC(C)C[C@@H](B(O)O)NC(CNC(C1=CC(Cl)=CC=C1Cl)=O)=O"
"CGI Diphenylurea PK inhibitor",,"CGI",,"900573-88-8","Protein Kinase","Synthesis","RTI",1.5,"In Progress","NO",,"Investigational","No","O=C(NC1=CC(Br)=CC=C1OC)NC2=CC=CC3=C2C=CN3CC4=CC(N)=NC=C4"
"Delanzomib","CEP-18770","Cephalon",764334,"847499-27-8","Proteosome","Purchase","SAIC",0.5,"Delivered","SUBMITTED","3/14/2012","Investigational","No",
"Amuvatinib","MP-470","SuperGen",754349,"850879-09-3","RAD51","Synthesis","Starks",15,"Delivered","YES","9/1/2010","Investigational","Yes",
"GW-5074",,"GlaxoSmithKline",755765,"220904-83-6","Raf","Purchase","SRI",1,"Delivered","YES","12/23/2010","Investigational","Yes",
"ZM-336372",,"Astra Zeneca",756654,"208260-29-1","Raf","Purchase","SRI",1,"Delivered","YES","1/28/2011","Investigational","Yes",
"MLN-2480","BIIB-024","Millenium",,"1096708-71-2","Raf","Purchase","SAIC",5,"On Order","NO",,"Investigational","No","O=C(C1=CN=C([C@@H](C)NC(C2=NC=NC(N)=C2Cl)=O)S1)NC3=CC(C(F)(F)F)=C(Cl)C=N3"
"Regorafenib","BAY-73-4506 ","Bayer",763932,"755037-03-7","Raf, MEK","Purchase","SAIC",5,"Delivered","SUBMITTED","2/16/2012","Investigational","No",
"Salirasib","ONO-7056","Concordia",755771,"162520-00-5","Ras","Purchase","SRI",1,"Delivered","YES","12/23/2010","Investigational","Yes",
"Pluripotin","SC-1","Scripps",763525,"839707-37-8","Ras; Gap; ERK1","Purchase","Ash Stevens",0.1,"Delivered","SUBMITTED","1/11/2012","Investigational","No",
"SL-0101",,"Univ VA",,"77307-50-7","RSK","Purchase","SAIC",1,,"NO",,"Investigational","No","O=C1C(O[C@H](O[C@@H](C)[C@H](OC(C)=O)[C@H]2OC(C)=O)[C@@H]2O)=C(C3=CC=C(O)C=C3)OC4=CC(O)=CC(O)=C14"
"XL-541",,"Exelixis",,"1221878-06-3","S1P1","Synthesis",,5,"In Progress","NO",,"Investigational","No","O=C(NC1=CC=C(OC2=CC=C(F)C=C2)C=C1)[C@H]3N(C(CN4N=NC=C4)=O)C[C@H](CC5=CC=C(F)C=C5)C3"
"CB-64D",,,754350,"157752-20-0","Sigma agonist","Synthesis","Starks",3.8,"Delivered","YES","9/1/2010","Investigational","Yes",
"HPI-1",,"UCSF",758486,"599150-20-6","SMO","Purchase","Ash Stevens",1,"Delivered","YES","4/13/2011","Investigational","Yes",
"SEN-450",,"Siena Biotech",763758,"1160830-00-1","SMO","Synthesis","Ash Stevens",1,"Delivered","SUBMITTED","2/3/2012","Investigational","No",
"LDE-225",,"Novartis",761385,"956697-53-3","SMO","Purchase","Starks",1,"Delivered","YES","8/9/2011","Investigational","Yes",
"LDE-225, diphosphonate salt",,"Novartis",761386,"1218778-77-8","SMO","Purchase","Starks",1,"Delivered","YES","8/12/2011","Investigational","Yes",
"LY-2940680",,"Eli Lilly",,,"SMO","Purchase","SAIC",5,"On Order","NO",,"Investigational","No","O=C(N(C)C1CCN(C2=NN=C(C3=CC=NN3C)C4=C2C=CC=C4)CC1)C5=CC=C(F)C=C5C(F)(F)F"
"LEQ-506",,"Novartis",,"1057677-92-5","SMO","Synthesis",,5,"In Progress","NO",,"Investigational","No","CC(O)(C1=CC=C(N2CCN(C3=NN=C(CC4=CC=CC=C4)C5=C3C=CC=C5)CC2)N=C1)C"
"Saridegib","IPI-926","Infinity",,"1037210-93-7","SMO","Purchase","SAIC",1,"On Order","No",,"Investigational","No","C[C@H]1[C@]2(CC(C)=C(C[C@@]3([H])[C@@]4([H])CC[C@@]5([H])[C@@]3(CC[C@@H](N[S](C)(=O)=O)C5)C)[C@@]4([H])CC2)O[C@@]6([H])[C@@]1([H])NC[C@@H](C)C6"
"KX2-391","KX-01","Kinex",756643,"897016-82-9","Src","Synthesis","Starks",10,"Delivered","YES","1/25/2011","Investigational","Yes",
"Saracatinib","AZD-0530","AstraZeneca",758872,"379231-04-6","Src","Purchase","Ash-Stevens; RTI",6,"Delivered","YES","4/28/2011","Investigational","Yes",
"Bosutinib","SKI-506","Pfizer",765694,"380843-75-4","Src; Bcr-abl; Stat5","Purchase/ Synthesis","SAIC; LSC",5,"Delivered","NO","5/18/2012","Investigational","No",
"Bosutinib isomer",,,755389,"380843-75-4","Src; Bcr-abl; Stat5","Purchase",,,"Delivered","YES","11/16/2010","Investigational","Yes",
"Cpd-401",,"Otsuka",757334,"1150339-93-7","Stat 3","Synthesis","Alchem",10,"Delivered","YES","3/24/2011","Investigational","Yes",
"YM-155",,"Astellas",755387,"781661-94-7","Survivan","Purchase","Ash Stevens",5,"Delivered","YES","11/17/2010","Investigational","Yes",
"BAY 61-3606",,"Bayer",,"732983-37-8","Syk","Purchase","SAIC",1,"On Order","NO",,"Investigational","No","O=C(C1=CC=CN=C1NC2=NC(C3=CC=C(OC)C(OC)=C3)=CC4=NC=CN24)N"
"LY-2157299",,"Eli Lilly",761216,"700874-72-2","TGF-β ","Purchase","Starks",0.2,"Delivered","YES","8/4/2011","Investigational","Yes",
"Motexafin",,"Pharmacyclics",761266,"156436-89-4","Thioredoxin reductase","Purchase","Ash Stevens",1,"Delivered","YES","8/3/2011","Investigational","Yes",
"ONX-0801","BGC-945","Onyx",764764,"501332-69-0","Thymidine Synthase","Synthesis","Alchem",1,"Delivered","SUBMITTED","4/16/2012","Investigational","No",
"XAV-939 ","S1180","Novartis",755761,"284028-89-3","TNKS; Wnt","Purchase","Starks",1,"Delivered","YES","12/20/2010","Investigational","Yes",
"GENZ-644282",,"Sanofi",,,"Topo-I","Synthesis","Alchem",5,"In Progress","NO",,"Investigational","No","O=C1N(CCNC)C2=C(C=NC(C2=C3)=CC4=C3OCO4)C5=CC(OC)=C(OC)C=C15"
"XR-11576","MLN-576","Xenova",754365,"346689-77-8","Topo I; Topo II","Synthesis","RTI",2.4,"Delivered","YES","9/1/2010","Investigational","Yes",
"XR-5944","MLN-944","Xenova",754366,"343247-32-5","Topo I; Topo II","Synthesis","RTI",2.8,"Delivered","YES","9/1/2010","Investigational","Yes",
"XR-5000","SN-22995","Xenova",754367,"89459-25-6","Topo I; Topo II","Synthesis","RTI",8.5,"Delivered","YES","9/1/2010","Investigational","Yes",
"XK-469",,"BMS",698215,"157542-91-1","Topo II",,,1.2,"Delivered","YES","1/1/2009","Investigational","Yes",
"Amonafide","CGX-571; AS-1413","Abbott",758251,"69408-81-7","Topo II","Purchase","SRI",1,"Delivered","YES","4/1/2011","Investigational","Yes",
"Vosaroxin ","AG-7352; SNS-595; SPC-595","Sunesis",760764,"175414-77-4 ","Topo II","Synthesis","Ash Stevens",10,"Delivered","YES","6/29/2011","Investigational","Yes",
"CYT-997",,"YM Biosciences",758488,"917111-44-5","Tubulin","Purchase","Ash Stevens",2,"Delivered","YES","4/15/2011","Investigational","Yes",
"Verubulin","MPC-6827; EP-90745","Myrexis",758773,"827031-83-4","Tubulin","Purchase","SRI",1,"Delivered","YES","4/27/2011","Investigational","Yes",
"BAL-27862",,"Basilea",762598,"798577-91-0","Tubulin","Synthesis","Alchem",7.4,"Delivered","YES","11/8/2011","Investigational","Yes",
"Peptide [CRGDKGPDC - cys & cys bridge",,,754347,,"Tumor Penetrating Peptide","Purchase","SRI",10,"Delivered","YES","9/1/2010","Investigational","Yes",
"Cediranib","AZD-2171 ","AstraZeneca",755606,"288383-20-0","VEGF","Purchase","Ash Stevens",10,"Delivered","YES","12/8/2010","Investigational","Yes",
"  Tivozanib","ASP-4130; AV-951; KRN-951 ","Astellas",758007,"475108-18-0","VEGFR","Synthesis","Ash Stevens; SRI",4,"Delivered","YES","3/30/2011","Investigational","Yes",
"Motesanib","AMG-706","Amgen",760843,"453562-69-1","VEGFR, c-Kit; PDGFR","Synthesis","Ash-Stevens",10,"Delivered","YES","7/12/2011","Investigational","Yes",
"peptide R18 (14-3-3 antagonist)",,,756651,,"VEGFR, PDGFR, FGF","Purchase","SRI",1,"Delivered","YES","1/28/2011","Investigational","Yes",
"Dovitinib","TKI-258","Novartis",759661,"405169-16-6","VEGFR, PDGFR, FGFR","Synthesis","Ash Stevens",7.8,"Delivered","YES","5/19/2011","Investigational","Yes",
"JI-101","CGI-1842","Gilead",762381,"900573-88-8","VEGFR; EphA4; PDGFR","Synthesis","Ash Stevens",4.3,"Delivered","YES","10/26/2011","Investigational","Yes",
"Brivanib","BMS-582664 ","BMS",764481,"649735-63-7","VEGFR; FGFR","Synthesis","Ash Stevens",2,"Delivered","SUBMITTED","3/15/2012","Investigational","No",
"Intedanib ","BIBF-1120","Boehringer Ingelheim",756659,"656247-18-6","VEGFR; FGFR; PDGFR","Purchase","RTI; Ash Stevens",24,"Delivered","YES","2/18/2011","Investigational","Yes",
"MK-1775 ",,"Merck",754352,"955365-80-7","Wee-1","Synthesis","Starks",12,"Delivered","YES","9/1/2010","Investigational","Yes",
"IWR-1",,"UT Southwestern",756646,"430429-02-0","Wnt","Synthesis","Ash Stevens",13,"Delivered","YES","2/3/2011","Investigational","Yes",
"AEG-40730 ",,"Aegera",754359,"934963-58-3","XIAP","Synthesis","Alchem",3.4,"Delivered","YES","9/1/2010","Investigational","Yes",
"AT-406","SM-406","Ascenta",764757,"1071992-99-8","XIAP","Purchase","SAIC",3.5,"Delivered","SUBMITTED","4/12/2012","Investigational","No",
