NSC	CAS	Generic Name	Preffered Name	Aliases	Originator	Projects	Primary Target	Secondary Targets
787269	459147-39-8		SW-033291	SW-033291; 	UT Southwestern	DTP-110 	15-PDGH	
105014	4291-63-8	cladribine	RJW-26251	cladribine; RJW-26251; 	Merck	DTP-103 	Adenosine deaminase	
218321	53910-25-1	pentostatin	CI-825	CI-825; PD-81565; pentostatin; 	Pfizer	DTP-103 	Adenosine deaminase	
766888	95809-78-2		CPI-613	BBOA; CPI-613; 	Cornerstone	DTP-110 	AEMD	
639966	157716-52-4	perifosine	KRX-0401	D-21266; KRX-0401; perifosine; 	Keryx Biopharmaceuticals	DTP-110 	Akt	
756656	1032349-77-1		MK-2206	MK-2206; 	Merck	DTP-110 	Akt	Akt1; Akt2; Akt3; 
761387	885499-61-6		CCT-128930	CCT-128930; 	Astex	DTP-110 	Akt	Akt2; 
764039	1143532-39-1		AZD-5363	AZD-5363; 	AstraZeneca	DTP-110 	Akt	Akt1; Akt2; Akt3; 
766991	937174-76-0		GSK-690693	GSK-690693; 	GlaxoSmithKline	DTP-110 	Akt	Akt1; Akt2; Akt3; 
767898	1001264-89-6	ipatasertib	GDC-0068	GDC-0068; ipatasertib; RG-7440; 	Roche	DTP-110 	Akt	Akt1; Akt2; Akt3; 
768070	1004990-28-6		PF-4176340	PF-4176340; 	Pfizer	DTP-110 	Akt	
768071	no cas		PF-4176340 (inactive enantiomer)	PF-4176340 (inactive enantiomer); 	Pfizer	DTP-110 	Akt	
771650	1056901-62-2		AT-13148	AT-13148; 	Astex	DTP-110 	Akt	
778305	1047644-62-1	afuresertib	GSK-2110183	afuresertib; GSK-2110183; 	GlaxoSmithKline	DTP-110 	Akt	Akt1; Akt2; Akt3; 
778368	1047634-65-0		GSK-2141795	GSK-2141795; 	GlaxoSmithKline	DTP-110 	Akt	
791328	1313881-70-7		ARQ-092	ARQ-092; 	ArQule	DTP-110 	Akt	
792847	1430056-54-4		INCB-047775	INCB-047775; 	Incyte	DTP-110 	Akt	
793324	1402608-02-9		BAY-1125976	BAY-1125976; 	Bayer	DTP-110 	Akt	
795142	1379545-95-5		M2698	M2698;	Merck Serono	DTP-110	Akt	
756645	877399-52-5	crizotinib	PF-02341066	crizotinib; PF-02341066; 	Pfizer	DTP-103 	Alk	c-Met; 
764040	1256580-46-7	alectinib	CH-5424802	alectinib; CH-5424802; RG-7853; 	Chugai	DTP-103 	Alk	
764041	761439-42-3		TAE-684	TAE-684; 	Novartis	DTP-110 	Alk	
764821	1256589-74-8		CH-5428402 HCl	CH-5428402 HCl; 	Chugai	DTP-110 	Alk	
765865	1097917-15-1		ASP-3026	ASP-3026; 	Astellas	DTP-110 	Alk	
766824	1022957-12-5		Cephalon Alk inhibitor (Compound 45)	Cephalon Alk inhibitor (Compound 45); 	Cephalon	DTP-110 	Alk	
774769	1108743-60-7	entrectinib	NMS-E628	entrectinib; NMS-E628; RXDX-101; 	Nerviano	DTP-110 	Alk	
776422	1032900-25-6	ceritinib	LDK-378	ceritinib; LDK-378; 	Novartis	DTP-103 	Alk	
776787	1356962-20-3		AZD-3463	AZD-3463; 	AstraZeneca	DTP-110 	Alk	IGF1R; 
779218	1022958-60-6		CEP-28122	CEP-28122; 	Cephalon	DTP-110 	Alk	
780108	1454846-35-5		PF-06463922	PF-06463922; 	Pfizer	DTP-110 	Alk	ROS1; 
780163	1609203-73-7		SOMCL-12-81	SOMCL-12-81; 	SIMM	DTP-110 	Alk	
781148	1391712-60-9		CEP-37440	CEP-37440; 	Teva	DTP-110 	Alk	FAK; 
787457	1197953-54-0	brigatinib	AP-26113	AP-26113; brigatinib; 	Ariad	DTP-110 	Alk	
793150	1370651-20-9	ensartinib	X-396	ensartinib; X-396; 	Xcovery	DTP-110 	Alk	
13875	645-05-6	altretamine	KB-913	altretamine; KB-913; 	Sanofi	DTP-103 	Alkylator	
79037	13010-47-4	lomustine	CCNU	CCNU; lomustine; 	BMS	DTP-103 	Alkylator	
755605	915087-33-1	enzalutamide	MDV-3100	enzalutamide; MDV-3100; NC-54; 	Medivation	DTP-103 	Androgen Receptor	
765776	1240299-33-5		AZD-3514	AZD-3514; 	AstraZeneca	DTP-110 	Androgen Receptor	
771649	956104-40-8		ARN-509	ARN-509; JNJ-56021927; 	Aragon Pharma	DTP-110 	Androgen Receptor	
755384	150399-23-8	pemetrexed disodium	LY-231514	LY-231514; pemetrexed disodium; 	Eli Lilly	DTP-103 	Antifolate	Dihydrofolate reductase; GARTF; Thymidine Synthase; 
38721	53-19-0	mitotane	CB-313	CB-313; mitotane; 	BMS	DTP-103 	Antihormone	
118218	146-78-1		2-Fluoroadenosine	2-Fluoroadenosine; 		DTP-110 	Antimetabolite	
756660	117-39-5	quercetin	LNS-5662	LNS-5662; quercetin; 	Limerick BioPharma	DTP-110 	Antioxidant	
721517	118072-93-8	zolendronic acid		zolendronic acid; 		DTP-103 	Antiresorptive	
92859	1327-53-3	arsenic trioxide		arsenic trioxide; 		DTP-103 	Apoptotic	
757437	53003-10-4	salinomycin	VS-507	salinomycin; VS-507; 	Verastem	DTP-110 	Apoptotic	
758253	26833-87-4	omacetaxine mepasuccinate	CGX-635	CGX-635; omacetaxine mepasuccinate; 	Teva	DTP-103 	Apoptotic	
791496	5291-32-7		APR-246	APR-246; 	Aprea	DTP-110 	Apoptotic	
713563	107868-30-4	exemestane	FCE-24304	exemestane; FCE-24304; 	Pfizer	DTP-103 	Aromatase	
719344	120511-73-1	anastrozole	ZD-1033	anastrozole; ZD-1033; 	AstraZeneca	DTP-103 	Aromatase	
719345	112809-51-5	letrozole	CGS-20267	CGS-20267; FEM-345; letrozole; 	Novartis	DTP-103 	Aromatase	
787962	587871-26-9		KU-55933	KU-55933; 	Kansas Univ	DTP-110 	ATM	
792956	1821428-35-6		AZD-0156	AZD-0156; 	AstraZeneca	DTP-110 	ATM	
756874	220036-08-8		NU-6027	NU-6027; 	AstraZeneca	DTP-110 	ATR	
761070	1232410-49-9		VE-821	VE-821; 	Vertex	DTP-110 	ATR	
761693	1286238-55-8		Vertex ATR inhibitor Cpd 45	Vertex ATR inhibitor Cpd 45; 	Vertex	DTP-110 	ATR	
777638	1352226-97-1		AZD-6738 diasteromeric mixture	AZD-6738 diasteromeric mixture; 	AstraZeneca	DTP-110 	ATR	
777718	1232416-25-9		VE-822	VE-822; VX-970; 	Vertex	DTP-110 	ATR	
780249	1352226-97-1		AZD-6738	AZD-6738; 	AstraZeneca	DTP-110 	ATR	
780250	no cas		AZD-6738 ( R,S-isomer)	AZD-6738 ( R,S-isomer); 	AstraZeneca	DTP-110 	ATR	
757444	722544-51-6	barasertib-HQPA	AZD-1152-HQPA	AZD-1152-HQPA; barasertib-HQPA; 	AstraZeneca	DTP-110 	Aurora	
758245	934353-76-1		ENMD-2076	ENMD-2076; ENMD-981693; 	Entremed	DTP-110 	Aurora	
758250	1146618-41-8		SNS-314	SNS-314; 	Sunesis	DTP-110 	Aurora	
759094	934353-75-0		ENMD-2076 Precursor	ENMD-2076 Precursor; 	Entremed	DTP-110 	Aurora	
759498	693228-63-6		CYC-116	CYC-116; 	Cyclacel	DTP-110 	Aurora	
759675	1000669-72-6		KW-2449	KW-2449; 	Kyowa Hakko Kirin	DTP-110 	Aurora	Bcr-Abl; Flt3; 
759677	1028486-01-2	alisertib	MLN-8237	alisertib; MLN-8237; 	Millennium	DTP-110 	Aurora	
760144	896466-04-9		AT-9283	AT-9283; 	Astex	DTP-110 	Aurora	
761069	945595-80-2		AMG-900	AMG-900; 	Amgen	DTP-110 	Aurora	
761691	1094069-99-4		SCH-1473759	SCH-1473759; 	Merck	DTP-110 	Aurora	
762151	934541-31-8		TAK-901	TAK-901; 	Takeda	DTP-110 	Aurora	
763930	871357-89-0		AS-703569	AS-703569; R-763; R-945763; 	EMD Serono	DTP-110 	Aurora	
765889	1227939-82-3	ilorasertib	ABT-348	ABT-348; ilorasertib; 	Abbott	DTP-110 	Aurora	VEGFR; 
773262	1010085-13-8		MK-5108	MK-5108; VX-689; 	Merck	DTP-110 	Aurora	
777445	942918-07-2		GSK-1070916A	GSK-1070916A; 	GlaxoSmithKline	DTP-110 	Aurora	
784415	827318-97-8	danusertib	PHA-739538	danusertib; PHA-739538; 	Pfizer	DTP-110 	Aurora	Ret, Bcr-abl, FGFR; 
765262	1037624-91-1		R-428	BGB-324; R-428; 	Rigel	DTP-110 	Axl	
727859	90141-22-3	(R)-(-)-gossypol	AT-101	AT-101; BL-193; (R)-(-)-gossypol; 	Ascenta	DTP-110 	Bcl-2	
756663	803712-79-0	obatoclax	GX15-070	GX15-070; obatoclax; 	Gemin X	DTP-110 	Bcl-2	
758873	852808-04-9		ABT-737	ABT-737; 	Abbott	DTP-110 	Bcl-2	
759659	923564-51-6	navitoclax	ABT-263	ABT-263; navitoclax; RG-7433; 	Abbott	DTP-110 	Bcl-2	
766270	1257044-40-8	venetoclax	ABT-199	ABT-199; GDC-0199; RG-7601; venetoclax; 	Abbott	DTP-103 	Bcl-2	
768536	331244-89-4		BAM7	BAM7; 	Dana Farber	DTP-110 	Bcl-2	
732517	863127-77-9	dasatinib	BMS-354825	BMS-354825; dasatinib; 	BMS	DTP-103 	Bcr-Abl	c-Kit; PDGFR; 
743414	152459-95-5	imatinib	STI-571	imatinib; STI-571; 	Novartis	DTP-103 	Bcr-Abl	
747599	641571-10-0	nilotinib	AMN-107	AMN-107; nilotinib; 	Novartis	DTP-103 	Bcr-Abl	
755389	1391063-17-4		bosutinib isomer	bosutinib isomer; 	Pfizer	DTP-110 	Bcr-Abl	Hck; Lyn; Src; Stat5; 
758487	943319-70-8	ponatinib	AP-24534	AP-24534; ponatinib; 	Ariad	DTP-103 	Bcr-Abl	
774831	1020172-07-9	rebastinib	DCC-2036	DCC-2036; rebastinib; 	Deciphera	DTP-110 	Bcr-Abl	Lyn, FGFR; Src; Tie-2, VEGFR; 
789925	1492952-76-7		ABL-001	ABL-001; 	Novartis	DTP-110 	Bcr-Abl	
764043	1268524-70-4		(+)-JQ1	(+)-JQ1; 	Dana Farber	DTP-110 	BET bromodomain	
767599	1300031-49-5		GSK-1210151A	GSK-1210151A; I-BET-151; 	GlaxoSmithKline	DTP-110 	BET bromodomain	
774829	1260907-17-2		GSK-525762	GSK-525762; I-BET-762; 	GlaxoSmithKline	DTP-110 	BET bromodomain	
777448	1403764-72-6		PFI-1	PFI-1; 	Pfizer	DTP-110 	BET bromodomain	
778747	202590-98-5		OTX-015	MK-8628; OTX-015; 	Mitsubishi	DTP-110 	BET bromodomain	
782763	1300031-52-0		I-Bet-726	GSK-1324726A; I-Bet-726; 	GlaxoSmithKline	DTP-110 	BET bromodomain	
784856	1380087-89-7		CPI-0610	CPI-0610; 	Constellation	DTP-110 	BET bromodomain	
785345	1588521-78-1		Bet-BAY-002	Bet-BAY-002; 	Bayer	DTP-110 	BET bromodomain	
789043	1818885-28-7		ARV-825	ARV-825; 	Arvinas	DTP-110 	BET bromodomain	
793103	1445993-26-9		ABBV-075	ABBV-075; 	AbbVie	DTP-110 	BET bromodomain	
755984	113906-27-7		PNU-74654	PNU-74654; 	Pfizer	DTP-110 	Beta-catenin	
754357	927880-90-8		RAF-265	CHIR-265; RAF-265; 	Novartis	DTP-110 	Braf	
754362	405554-55-4		SB-590885	SB-590885; 	GlaxoSmithKline	DTP-110 	Braf	
754364	877874-85-6		Targegen B-Raf/PDGFR inhibitor Cpd 6	Targegen B-Raf/PDGFR inhibitor Cpd 6; 	TargeGen	DTP-110 	Braf	PDGFR; 
757438	918505-84-7		PLX-4720	PLX-4720; 	Plexxikon	DTP-110 	Braf	
761431	1029872-54-5	vemurafenib	PLX-4032	PLX-4032; vemurafenib; 	Plexxikon	DTP-103 	Braf	
764134	1195768-06-9	dabrafenib	GSK-2118436B	dabrafenib; GSK-2118436B; 	GlaxoSmithKline	DTP-103 	Braf	
764765	1228237-45-3		ARQ-680	ARQ-680; 	ArQule	DTP-110 	Braf	
776043	1188910-76-0		CEP-32496	CEP-32496; 	Ambit	DTP-110 	Braf	
778304	1269440-17-6	encorafenib	LGX-818	encorafenib; LGX-818; 	Novartis	DTP-110 	Braf	
778809	1228591-30-7		TAK-632	TAK-632; 	Takeda	DTP-110 	Braf	
781761	1454682-72-4		LY-3009120	LY-3009120; 	Eli Lilly	DTP-110 	Braf	
782007	878739-06-1		AZ-628	AZ-628; 	AstraZeneca	DTP-110 	Braf	
793323	1446090-77-2		BGB-283	BGB-283; 	BeiGene	DTP-110 	Braf	
761910	936563-96-1	ibrutinib	PCI-32765	CRA-032765; ibrutinib; PCI-32765; 	Pharmacyclics	DTP-103 	BTK	
780020	1202757-89-8	spebrutinib	CC-292	AVL-292; CC-292; spebrutinib; 	Celgene	DTP-110 	BTK	
781417	1242156-23-5		RN-486	RN-486; 	Roche	DTP-110 	BTK	
791164	1420477-60-6	acalabrutinib	ACP-196	acalabrutinib; ACP-196; 	Acerta	DTP-110 	BTK	
755400	790299-79-5	masitinib	AB-1010	AB-1010; masitinib; 	AB Science	DTP-110 	c-Kit	FGFR; PDGFR; 
754346	913376-83-7		AMG-458	AMG-458; 	Amgen	DTP-110 	c-Met	
758242	1000873-98-2	tivantinib	ARQ-197	ARQ-197; tivantinib; 	ArQule	DTP-110 	c-Met	microtubule perturbation; 
758244	1100598-32-0	tepotinib	EMD-1214063	EMD-1214063; MSC-2156119; tepotinib; 	EMD Serono	DTP-110 	c-Met	
758591	1022150-57-7		SGX-523	SGX-523; 	SGX	DTP-110 	c-Met	
759095	1072116-03-0		JNJ-38877605	JNJ-38877605; 	JNJ	DTP-110 	c-Met	
761068	849217-68-1	cabozantinib	XL-184	BMS-907351; cabozantinib; XL-184; 	Exelixis	DTP-103 	c-Met	Axl; c-Kit; Flt3; Ret; VEGFR; 
761692	1196681-38-5		MK-8033	MK-8033; 	Merck	DTP-110 	c-Met	
763931	956905-27-4		PF-04217903	PF-04217903; 	Pfizer	DTP-110 	c-Met	
764090	1196681-44-3		BMS-777607	ASLAN-002; BMS-777607; 	BMS	DTP-110 	c-Met	RON; 
764580	917879-39-1		MK-2461	MK-2461; 	Merck	DTP-110 	c-Met	
765672	1266319-57-6		S-49076 analog	S-49076 analog; 	Servier	DTP-110 	c-Met	Axl; FGFR; Mer; 
766271	477575-56-7		PHA-665752	PHA-665752; 	Pfizer	DTP-110 	c-Met	
766288	1002304-34-8		AMG-208	AMG-208; 	Amgen	DTP-110 	c-Met	
767954	1100598-15-9		EMD-1204831	EMD-1204831; 	Merck Serono	DTP-110 	c-Met	
771652	1116743-46-4		SAR-125844	SAR-125844; 	Sanofi	DTP-110 	c-Met	
777878	1029712-80-8	capmatinib	INCB-28060	capmatinib; INCB-28060; 	Incyte	DTP-110 	c-Met	
781652	1394820-69-9	ningetinib	CT-053PTSA	CT-053PTSA; ningetinib; 	HEC Pharma	DTP-110 	c-Met	
782121	1313725-88-0	volitinib	AZD-6094	AZD-6094; HMPL-504; volitinib; 	AstraZeneca	DTP-110 	c-Met	
784590	1345847-93-9	altiratinib	DCC-2701	altiratinib; DCC-2701; 	Deciphera	DTP-110 	c-Met	Tie2; Trk; VEGFR; 
785306	1190836-34-0		TAS-115	TAS-115; 	Taiho	DTP-110 	c-Met	VEGFR; 
789223	1173699-31-4		AMG-337	AMG-337; 	Amgen	DTP-110 	c-Met	
794646	890019-63-3		AMG-51	AMG-51;	Amgen	DTP-110	c-Met	
764582	403811-55-2		10058-F4	10058-F4; 	Univ Pittsburgh	DTP-110 	c-Myc/MAX	
764609	413611-93-5		10074-G5	10074-G5; 	Univ Pittsburgh	DTP-110 	c-Myc/MAX	
755765	220904-83-6		GW-5074	GW-5074; 	GlaxoSmithKline	DTP-110 	c-Raf	
756654	208260-29-1		ZM-336372	ZM-336372; 	AstraZeneca	DTP-110 	c-Raf	
749226	154229-19-3	abiraterone	JNJ-2012082	abiraterone; JNJ-2012082; 	BTG	DTP-103 	C17-20 Lyase	
764488	566939-85-3	orteronel	TAK-700	orteronel; TAK-700; 	Takeda	DTP-110 	C17-20 Lyase	
783294	1610537-15-9		VT-464	VT-464; 	Vertex	DTP-110 	C17-20 Lyase	
787827	1260006-20-9		CFG-920	CFG-920; 	Novartis	DTP-110 	C17-20 Lyase	
169780	24584-09-6	dexrazoxone		dexrazoxone; 		DTP-103 	Cardioprotective	
766811	603139-19-1	odanacatib	MK-0822	MK-0822; odanacatib; 	Merck	DTP-110 	Cathepsin	
782457	1310340-58-9		VBY-825	VBY-825; 	Virobay	DTP-110 	Cathepsin	
775771	1169558-38-6		XL-413	BMS-863233; XL-413; 	Exelixis	DTP-110 	CDC7	Cdk9; 
793585	1627696-51-8		LY-3177833	LY-3177833; 	Eli Lilly	DTP-110 	CDC7	
649890	131740-09-5	alvocidib	flavopiridol	alvocidib; flavopiridol; HL-275; HMR-1275; L86-8275; MDL-107826A; 	Sanofi	DTP-110 	Cdk	Cdk7; Cdk8; Cdk9; cyclin T; PTEFb; 
701554	186692-46-6	seliciclib	CYC-202	CYC-202; seliciclib; 	CNRS	DTP-110 	Cdk	Cdk2; Cdk7; Cdk9; 
758247	571190-30-2	palbociclib	PD-0332991	palbociclib; PD-0332991; 	Pfizer	DTP-103 	Cdk	Cdk4; Cdk6; 
762673	1204918-72-8		SB-1317	SB-1317; TG-2; 	S*BIO	DTP-110 	Cdk	ERK; Flt3; JAK; 
764036	779353-01-4	dinaciclib	MK-7965	dinaciclib; MK-7965; SCH-727965; 	Merck	DTP-110 	Cdk	Cdk1; Cdk2; Cdk5; Cdk9; 
767048	345627-80-7		BMS-387032	BMS-387032; SNS-032; 	BMS	DTP-110 	Cdk	Cdk2; Cdk7; Cdk9; 
768073	1231929-97-7	abemaciclib	LY-2835219	abemaciclib; LY-2835219; 	Eli Lilly	DTP-110 	Cdk	Cdk4; Cdk6; 
773094	741713-40-6		R-547	R-547; 	Roche	DTP-110 	Cdk	Cdk1; Cdk2; Cdk4; 
773394	844442-38-2		AT-7519	AT-7519; 	Astex	DTP-110 	Cdk	Cdk4; Cdk6; RNA polymerase; 
774911	1223498-26-7	roniciclib	BAY-1000394	BAY-1000394; roniciclib; 	Bayer	DTP-110 	Cdk	
777879	1169694-98-7		AM-5992	AM-5992; 	Amgen	DTP-110 	Cdk	Flt3; 
778909	1211441-98-3	ribocclib	LEE-011	LEE-011; ribocclib; 	Novartis	DTP-110 	Cdk	Cdk4; Cdk6; 
781514	1401033-86-0		AMG-925	AMG-925; FLX-925; 	Amgen	DTP-110 	Cdk	Cdk4; Cdk6; Flt3; 
784284	1000023-04-0	voruciclib	P-1446A	P-1446A; voruciclib; 	Piramal Life	DTP-110 	Cdk	Cdk7; Cdk9; 
786098	1414943-88-6		BAY-1143572	BAY-1143572; 	Bayer	DTP-110 	Cdk	Cdk9; PTEFb; 
788794	1628301-84-7		A-911	A-911; 	AbbVie	DTP-110 	Cdk	Cdk9; 
793727	1607837-31-9		CCT-251921	CCT-251921; 	Cancer Research Tech	DTP-110 	Cdk	CDK19; 
789041	1088965-37-0		GSK-923295	GSK-923295; 	GlaxoSmithKline	DTP-110 	CENP	
791648	no cas		PF-2771	PF-2771; 	Pfizer	DTP-110 	CENP	
296961	20537-88-6	amifostine		amifostine; 	AstraZeneca	DTP-103 	Chemoprotective	
757148	860352-01-8		AZD-7762	AZD-7762; 	AstraZeneca	DTP-110 	Chk1	Chk2; 
758257	1234015-54-3	prexasertib	LY-2606368	LY-2606368; prexasertib; 	Eli Lilly	DTP-110 	Chk1	
761188	911222-45-2	rabusertib	LY-2603618	IC-83; LY-2603618; rabusertib; 	Eli Lilly	DTP-110 	Chk1	
763444	952021-60-2		PF-477736	PF-477736; 	Pfizer	DTP-110 	Chk1	
764659	891494-63-6		SCH-900776	MK-8776; SCH-900776; 	Merck	DTP-110 	Chk1	
791163	1200129-48-1		RG-7602	GDC-0425; RG-7602; 	Roche	DTP-110 	Chk1	
793726	1489389-18-5		CCT-245737	CCT-245737; 	Cancer Research Tech	DTP-110 	Chk1	
741899	516480-79-8		BML-277	BML-277; 	JNJ	DTP-110 	Chk2	
776821	1262849-73-9		CCT-241533	CCT-241533; 	Cancer Research Tech	DTP-110 	Chk2	
761193	1009820-21-6	silmitasertib	CX-4945	CX-4945; silmitasertib; 	Cylene	DTP-110 	CK2	
719627	169590-42-5	celecoxib	CEP-33222	celecoxib; CEP-33222; SC-58635; YM-177; 	Pfizer	DTP-103 	COX-2	
772595	1333151-73-7		KPT-185	KPT-185; 	Karyopharm	DTP-110 	CRM1	
773260	1388841-50-6		KPT-251	KPT-251; 	Karyopharm	DTP-110 	CRM1	
780203	1393477-72-9	selinexor	KPT-330	KPT-330; selinexor; 	Karyopharm	DTP-110 	CRM1	
754345	1149939-55-8		JNJ-28312141	JNJ-28312141; 	JNJ	DTP-110 	CSF-1R	
758006	953769-46-5		BLZ-945	BLZ-945; 	Novartis	DTP-110 	CSF-1R	
789300	1029044-16-3	pexidartinib	PLX-3397	pexidartinib; PLX-3397; 	Plexxikon	DTP-110 	CSF-1R	c-Kit; Flt3; 
761388	110078-46-1	plerixafor	AMD-3100	AMD-3100; JLK-169; plerixafor; SID-791; 	Johnson Matthey	DTP-103 	CXCR4	
775637	558447-26-0		AMD-070	AMD-070; 	Genzyme	DTP-110 	CXCR4	
122758	302-79-4	tretinoin	Retenoic Acid	ATRA; Retenoic Acid; tretinoin; 	Janssen	DTP-103 	Differentiator	
740	59-05-2	methotrexate	CL-14377	CL-14377; methotrexate; 	Pfizer	DTP-103 	Dihydrofolate reductase	
754230	146464-95-1	pralatrexate		pralatrexate; 	Allos Therapeutics	DTP-103 	Dihydrofolate reductase	
750	55-98-1	busulfan	KRN-246	busulfan; KRN-246; 	GlaxoSmithKline	DTP-103 	DNA alkylator or DNA alkylating	
762	55-86-7	nitrogen mustard	mechlorethamine	mechlorethamine; nitrogen mustard; 	Merck	DTP-103 	DNA alkylator or DNA alkylating	
3088	305-03-3	chlorambucil		chlorambucil; 	GlaxoSmithKline	DTP-103 	DNA alkylator or DNA alkylating	
6396	52-24-4	thiotepa	N,N',N'-triethylenethiophosphoramide	N,N',N'-triethylenethiophosphoramide; thiotepa; 	Amgen	DTP-103 	DNA alkylator or DNA alkylating	
8806	3223-07-2	melphalan hydrochloride	CB-3025	CB-3025; melphalan hydrochloride; 	GlaxoSmithKline	DTP-103 	DNA alkylator or DNA alkylating	
9706	51-18-3	triethylenemelamine		triethylenemelamine; 		DTP-103 	DNA alkylator or DNA alkylating	
25154	54-91-1	pipobroman	A-8103	A-8103; pipobroman; 	Abbott	DTP-103 	DNA alkylator or DNA alkylating	
26271	6055-19-2	cyclophosphamide		cyclophosphamide; 	BMS	DTP-103 	DNA alkylator or DNA alkylating	
26980	50-07-7	mitomycin C		mitomycin C; 	BMS	DTP-103 	DNA alkylator or DNA alkylating	
34462	66-75-1	uracil mustard		uracil mustard; 		DTP-103 	DNA alkylator or DNA alkylating	
45388	4342-03-4	dacarbazine		dacarbazine; 	Bayer	DTP-103 	DNA alkylator or DNA alkylating	
45923	298-81-7	methoxsalen	8-MOP	8-MOP; methoxsalen; 	JNJ	DTP-103 	DNA alkylator or DNA alkylating	
77213	366-70-1	procarbazine	Ro-04-6467/1	procarbazine; Ro-04-6467/1; 	Chugai	DTP-103 	DNA alkylator or DNA alkylating	
85998	18883-66-4	streptozocin	U-9889	streptozocin; U-9889; 	Pfizer	DTP-103 	DNA alkylator or DNA alkylating	
109724	3778-73-2	ifosfamide	MJF-9325	ifosfamide; MJF-9325; Z-4942; 	Baxter	DTP-103 	DNA alkylator or DNA alkylating	
138783	3543-75-7	bendamustine	SDX-105	bendamustine; SDX-105; 	Cephalon	DTP-103 	DNA alkylator or DNA alkylating	
362856	85622-93-1	temozolomide	CCRG-81045	CCRG-81045; Sch-52365; temozolomide; 	EORTC	DTP-103 	DNA alkylator or DNA alkylating	
409962	154-93-8	carmustine	SK-27702	carmustine; NPC-08; SK-27702; 	Eisai	DTP-103 	DNA alkylator or DNA alkylating	
683863	158440-71-2	irofulven	E-7850	E-7850; irofulven; MGI-114; 	Eisai	DTP-110 	DNA alkylator or DNA alkylating	RNA alkylator; 
637037	19916-73-5	O-6-benzylguanine	O6-BG	O-6-benzylguanine; O6-BG; 	NCI	DTP-110 	DNA alkyltransferase	
24559	18378-89-7	plicamycin	mithramycin	A-2371; mithramycin; PA-144; plicamycin; 	Pfizer	DTP-103 	DNA binder	
3053	50-76-0	dactinomycin	actinomycin D	actinomycin D; dactinomycin; 	Merck	DTP-103 	DNA binding transcriptor	
755985	121032-29-9	nelarabine	GW-506U78	GW-506U78; nelarabine; 	GlaxoSmithKline	DTP-103 	DNA chain terminator	
765775	210829-30-4	gemcitabine elaidate	CO-101	CO-101; CP-4126; gemcitabine elaidate; 	Clavis Pharma	DTP-110 	DNA chain terminator	
119875	15663-27-1	cisplatin		cisplatin; 	BMS	DTP-103 	DNA crosslinker	
241240	41575-94-4	carboplatin	JM-8	carboplatin; JM-8; 	BMS	DTP-103 	DNA crosslinker	
266046	61825-94-3	oxaliplatin	RP-54780	oxaliplatin; RP-54780; 	Sanofi	DTP-103 	DNA crosslinker	
758490	181630-15-9	picoplatin	AMD-473	AMD-473; picoplatin; ZD-0473; 	Poniard	DTP-110 	DNA crosslinker	
130181	27314-97-2		tirapazamine	tirapazamine; 	NCI	DTP-110 	DNA damaging	
686288	165179-35-1		aminoflavone	aminoflavone; 	NCI	DTP-110 	DNA damaging	
710464	468719-53-1		AFP-464	AFP-464; 	Tigris	DTP-110 	DNA damaging	
14229	69-05-6	quinacrine hydrochloride	mepacrine	mepacrine; quinacrine hydrochloride; 	NCI	DTP-110 	DNA intercalator	
82151	23541-50-6	daunorubicin	NDC-0082-4155	daunorubicin; NDC-0082-4155; 	Sanofi	DTP-103 	DNA intercalator	Topo II; 
123127	25316-40-9	doxorubicin		doxorubicin; 	Pfizer	DTP-103 	DNA intercalator	Topo II; 
246131	56124-62-0	valrubicin	AD-32	AD-32; valrubicin; 	Anthra	DTP-103 	DNA intercalator	Topo II; 
678515	69123-94-0		FAU	FAU; 	Nascent Pharma.	DTP-110 	DNA intercalator	
102816	320-67-2	azacitidine	U-18496	azacitidine; U-18496; 	Celgene	DTP-103 	DNA methyltransferase	
127716	2353-33-5	decitabine	E-7373	decitabine; E-7373; 	Eisai	DTP-103 	DNA methyltransferase	
783333	1020149-73-8		SGI-1027	SGI-1027; 	Astex	DTP-110 	DNA methyltransferase	
783334	48208-26-0		RG-108	RG-108; 	Institute Biochmistry Biophysics	DTP-110 	DNA methyltransferase	
783360	91908-88-2		IM-25	IM-25; 	Institute Molecular Biology, National Chung Cheng Univ	DTP-110 	DNA methyltransferase	
785657	865838-26-2		RX-3117	RX-3117; 	Rexahn	DTP-110 	DNA methyltransferase	
63878	69-74-9	cytarabine hydrochloride	U-19920A	cytarabine hydrochloride; U-19920A; 	Pfizer	DTP-103 	DNA polymerase	
606869	123318-82-1	clofarabine		clofarabine; 	Genzyme	DTP-103 	DNA polymerase	
791785	151823-14-2	sapacitabine	CS-682	CS-682; CYC-682; sapacitabine; 	Daiichi Sankyo	DTP-110 	DNA polymerase	
793679	135598-68-4		TAS-109	CNDAC; DFP-10917; TAS-109; 	Daiichi Sankyo	DTP-110 	DNA polymerase	
125066	9041-93-4	bleomycin		bleomycin; 	BMS	DTP-103 	DNA strand breaker	
613327	122111-03-9	gemcitabine	LY-188011	gemcitabine; LY-188011; 	Eli Lilly	DTP-103 	DNA synthesis	
792969	1476074-39-1		VX-984	VX-984; 	Vertex	DTP-110 	DNA-PK	
778365	1380288-87-8		EPZ-5676	EPZ-5676; 	Epizyme	DTP-110 	DOT1L	
780043	1338466-77-5		EPZ-004777	EPZ-004777; 	Epizyme	DTP-110 	DOT1L	
715055	184475-35-2	gefitinib	ZD-1839	gefitinib; ZD-1839; 	AstraZeneca	DTP-103 	EGFR	
718781	183319-69-9	erlotinib	OSI-774	CP-358774; erlotinib; OSI-774; 	OSI	DTP-103 	EGFR	
745750	231277-92-2	lapatinib	GW-572016	GW-572016; lapatinib; 	GlaxoSmithKline	DTP-103 	EGFR	erbB2; 
750691	439081-18-2	afatinib	BIBW-2992	afatinib; BIBW-2992; 	Boehringer Ingelheim	DTP-103 	EGFR	
755927	1213269-23-8		WZ-4002	WZ-4002; 	Dana Farber	DTP-110 	EGFR	EGFR T790M; 
757439	698387-09-6	neratinib	PF-0528767	neratinib; PF-0528767; WAY-179272; 	Pfizer	DTP-110 	EGFR	erbB2; 
758005	848942-61-0	sapitinib	AZD-8931	AZD-8931; sapitinib; 	AstraZeneca	DTP-110 	EGFR	erbB2; 
760765	859853-30-8		BMS-690514	BMS-690514; 	BMS	DTP-110 	EGFR	erbB2; 
764135	714971-09-2		BMS-599626	AC-480; BMS-599626; 	BMS	DTP-110 	EGFR	erbB2; 
764823	845272-21-1	varlitinib	ARRY-543	ARRY-543; varlitinib; 	Array	DTP-110 	EGFR	erbB2; 
765888	1110813-31-4	dacomitinib	PF-299804	dacomitinib; PF-299804; 	Pfizer	DTP-110 	EGFR	erbB2; 
765949	497839-62-0		AEE-788	AEE-788; 	Novartis	DTP-110 	EGFR	erbB2; VEGFR; 
776762	781613-23-8	tesevatinib	XL-647	tesevatinib; XL-647; 	Exelixis	DTP-110 	EGFR	erbB2; Src; VEGFR; 
779217	1421373-65-0	osimertinib	AZD-9291	AZD-9291; osimertinib; 	AstraZeneca	DTP-103 	EGFR	EGFR T790M; 
779405	1374640-70-6	rociletinib	CO-1686	CO-1686; rociletinib; 	Celgene	DTP-110 	EGFR	EGFR T790M; 
780019	289499-45-2	canertinib	PD-183805	canertinib; CI-1033; PD-183805; 	Pfizer	DTP-110 	EGFR	erbB2; 
787027	1508250-71-2		EGF-816	EGF-816; 	Novartis	DTP-110 	EGFR	EGFR T790M; 
788121	1626387-80-1		AZD-3759	AZD-3759; 	AstraZeneca	DTP-110 	EGFR	
788365	1776112-90-3		PF-06747775	PF-06747775; 	Pfizer	DTP-110 	EGFR	EGFR T790M; 
792848	no cas	olmutinib	BI-1482694	BI-1482694; olmutinib; 	Boehringer Ingelheim	DTP-110 	EGFR	
793322	1448232-80-1	naquotinib	ASP-8273	naquotinib; ASP-8273	Astellas	DTP-110	EGFR	
764581	937263-43-9		ARRY-380	ARRY-380; 	Array	DTP-110 	erbB2	
780042	383432-38-0		CP-724714	CP-724714; 	Pfizer	DTP-110 	erbB2	
765436	1037184-44-3		YK-4-279	YK-4-279; 	Georgetown Univ	DTP-110 	ERG	ETV1; 
775636	942183-80-4		SCH-772984	SCH-772984; 	Merck	DTP-110 	ERK	Erk1; ERK2; 
781343	1453848-26-4		GDC-0994	GDC-0994; RG-7842; 	Genetech	DTP-110 	ERK	Erk1; ERK2; 
777109	1403254-99-8	tazemetostat	E-7438	E-7438; EPZ-6438; tazemetostat; 	Epizyme	DTP-110 	EZH2	
780041	1346574-57-9		GSK-126	GSK-126; 	GlaxoSmithKline	DTP-110 	EZH2	
782310	1450655-76-1		CPI-169	CPI-169; 	Constellation	DTP-110 	EZH2	
783332	1396772-26-1		EPZ-5687	EPZ-5687; 	Epizyme	DTP-110 	EZH2	
793430	1621862-70-1		CPI-1205	CPI-1205; 	Constellation	DTP-110 	EZH2	
782579	871266-63-6		PCI-27483	PCI-27483; 	Celera	DTP-110 	Factor VIIa	
754356	717907-75-0		PF-562271	PF-562271; 	Pfizer	DTP-110 	FAK	
778364	1073160-26-5	defactinib hydrochloride	PF-04554878	defactinib hydrochloride; PF-04554878; VS-6063; 	Pfizer	DTP-110 	FAK	
782549	1073154-85-4	defactinib	PF-04554878	defactinib; PF-04554878; VS-6063; 	Pfizer	DTP-110 	FAK	
783102	1061353-68-1		VS-4718	VS-4718; 	Verastem	DTP-110 	FAK	
787252	761437-28-9		TAE-226	TAE-226; 	Novartis	DTP-110 	FAK	IGF1R; 
760444	192185-72-1	tipifarnib	R-115777	R-115777; tipifarnib; 	JNJ	DTP-110 	Farnesyltransferase	
764755	17397-89-6	cerulenin		cerulenin; 	Daiichi Sankyo	DTP-110 	FASN	HMG-CoA synthetase; 
764756	218137-86-1		C-75	C-75; 	John Hopkins	DTP-110 	FASN	
782125	1579514-16-1		JNJ-54302833	JNJ-54302833; 	JNJ	DTP-110 	FASN	
792955	1332331-21-1		GSK-2194069	GSK-2194069; 	GSK	DTP-110 	FASN	
754361	1036991-21-5		Astex FGF inhibitor	Astex FGF inhibitor; 	Astex	DTP-110 	FGFR	
763929	252916-29-3	orantinib	SU-6668	orantinib; SU-6668; TSU-68; 	Pfizer	DTP-110 	FGFR	PDGFR; VEGFR; 
764239	1035270-39-3		AZD-4547	AZD-4547; 	AstraZeneca	DTP-110 	FGFR	FGFR1; FGFR2; FGFR3; 
764487	872511-34-7	infrigatinib	BGJ-398	BGJ-398; infrigatinib; NVP-BGJ398; 	Novartis	DTP-110 	FGFR	FGFR1; FGFR2; FGFR3; FGFR4; 
766908	219580-11-7		PD-173074	PD-173074; 	Pfizer	DTP-110 	FGFR	FGFR1; FGFR3; PDGFT; Src; VEGFR2; 
771750	1254473-64-7		LY-2874455	LY-2874455; 	Eli Lilly	DTP-110 	FGFR	FGFR1; FGFR2; FGFR3; FGFR4; VEGFR; 
781556	1346242-81-6		JNJ-42756493	JNJ-42756493; 	JNJ	DTP-110 	FGFR	FGFR1; FGFR2; FGFR3; FGFR4; 
782363	1265229-25-1		CH-5183284	CH-5183284; Debio-1347; 	Chugai	DTP-110 	FGFR	FGFR1; FGFR2; FGFR3; PDGFR; VEGFR; 
785300	1538604-68-0		BLU-9931	BLU-9931; 	Blueprint Medicines	DTP-110 	FGFR	FGFR1; FGFR2; FGFR3; 
790182	1612888-66-0	alofanib	RPT-835	alofanib; RPT-835; 	RPT	DTP-110 	FGFR	
793677	1453208-66-6		ASP-5878	ASP-5878; 	Astellas	DTP-110 	FGFR	
795718	1707289-21-1		BLU-554	BLU-554;	Blueprint Medicines	DTP-110	FGFR	
756647	950769-58-1	quizartinib	AC-220	AC-220; ASP-2689; quizartinib; 	Ambit	DTP-110 	Flt3	c-Kit; PDGFR; 
759661	405169-16-6	dovitinib	CHIR-258	CHIR-258; dovitinib; TKI-258; 	Novartis	DTP-110 	Flt3	c-Kit; c-Met; EGFR; FGFR; VEGFR; 
760841	387867-13-2	tandutinib	MLN-518	CT-53518; MLN-518; tandutinib; 	Millennium	DTP-110 	Flt3	PDGFR, c-Kit; 
761879	1253836-17-7		ITRI-260	ITRI-260; 	Industrial Institute	DTP-110 	Flt3	
767897	1327167-19-0		BPR1J-097	BPR1J-097; 	National Health Res Inst	DTP-110 	Flt3	
771651	885610-66-2		VX-322	VX-322; 	Vertex	DTP-110 	Flt3	c-Kit; 
772196	111358-88-4	lestaurtinib	CEP-701	CEP-701; lestaurtinib; SP-924; SPM-924; 	Kyowa Hakko Kirin	DTP-110 	Flt3	JAK2; Trk; 
787846	1254053-43-4	gilteritinib	ASP-2215	ASP-2215; gilteritinib; 	Astellas	DTP-110 	Flt3	Axl; 
142784	2226-96-2	tempol	OT-674	OT-674; tempol; 	Mitos Pharmaceuticals	DTP-110 	free-radical scavenger	
788948	4105-38-8	uridine triacetate	RG-2133	RG-2133; TAU; uridine triacetate; 	Wellstat	DTP-103 	FU Antidote	
754348	865773-15-5		PF-03084014 diastereomer 1	PF-03084014 diastereomer 1; 	Pfizer	DTP-110 	Gamma secretase	
755926	865773-15-5		PF-03084014 diastereomer 2	PF-03084014 diastereomer 2; 	Pfizer	DTP-110 	Gamma secretase	
755982	425386-60-3	semagacestat	LY-450139	LY-450139; semagacestat; 	Eli Lilly	DTP-110 	Gamma secretase	
756650	847925-91-1		RG-4733	RG-4733; RO-4929097; 	Roche	DTP-110 	Gamma secretase	
761217	1146699-66-2	avagacestat	BMS-708163	avagacestat; BMS-708163; 	BMS	DTP-110 	Gamma secretase	
762672	290315-45-6		BMS-299897	BMS-299897; 	BMS	DTP-110 	Gamma secretase	
762829	471905-41-6		MK-0752	L-000891675; MK-0752; 	Merck	DTP-110 	Gamma secretase	
780812	1401066-79-2		BMS-906024	BMS-906024; 	BMS	DTP-110 	Gamma secretase	
785222	1584713-87-0		BMS-983970	BMS-983970; 	BMS	DTP-110 	Gamma secretase	
767745	446022-33-9	pelitrexol	AG-2037	AG-2037; pelitrexol; 	Pfizer	DTP-110 	GARTF	
772290	no cas		Pelitrexol isomer A	Pelitrexol isomer A; 	Pfizer	DTP-110 	GARTF	
772291	no cas		Pelitrexol isomer B	Pelitrexol isomer B; 	Pfizer	DTP-110 	GARTF	
793149	1799753-84-6		BAY-876	BAY-876; 	Bayer	DTP-110 	GLUT1	
783415	1439399-58-2		CB-839	CB-839; 	Calithera Bioscience	DTP-110 	Glutaminase	
761690	186392-40-5		CP-91149	CP-91149; 	Pfizer	DTP-110 	Glycogen phosphorylase	
764238	667463-85-6	6-bromoindirubin-3'-acetoxime	BIA	6-bromoindirubin-3'-acetoxime; BIA; 	CNRS	DTP-110 	GSK-3	
772198	603288-22-8		LY-2090314	LY-2090314; 	Eli Lilly	DTP-110 	GSK-3	
774901	486424-20-8		AZD-2858	AZD-2858; 	AstraZeneca	DTP-110 	GSK-3	
758484	286942-97-0	ezatiostat	TLK-199	ezatiostat; TLK-199; 	Telik	DTP-110 	GSTP1	
701852	149647-78-9	vorinostat	SAHA	SAHA; vorinostat; 	Merck	DTP-103 	HDAC	
754143	128517-07-7	depsipeptide	FK-228	depsipeptide; FK-228; 	Gloucester	DTP-103 	HDAC	
756642	209783-80-2	entinostat	MS-275	entinostat; MS-275; SNDX-275; 	Syndax	DTP-110 	HDAC	
758249	929016-96-6	pracinostat	SB-939	pracinostat; SB-939; 	S*BIO	DTP-110 	HDAC	
758774	414864-00-9	belinostat	PXD-101	belinostat; PXD-101; 	TopoTarget	DTP-103 	HDAC	
759657	875320-29-9	quisinostat	JNJ-26481585	JNJ-26481585; quisinostat; 	JNJ	DTP-110 	HDAC	
759905	1186222-89-8		4SC-202	4SC-202; 	4SC	DTP-110 	HDAC	
760143	726169-73-9	mocetinostat	MG-0103	MG-0103; mocetinostat; 	MethylGene	DTP-110 	HDAC	
761190	404950-80-7	panobinostat	LBH-589	LBH-589; panobinostat; 	Novartis	DTP-103 	HDAC	
762153	918332-89-5		ST-3595	ST-3595; 	Sigma-Tau	DTP-110 	HDAC	
764136	783355-60-2	abexinostat	PCI-24781	abexinostat; CG-781; CRA-024781; PCI-24781; S-78454; 	Celera	DTP-110 	HDAC	
767952	1316214-52-4	rocilinostat	ACY-1215	ACY-1215; rocilinostat; 	Dana Farber	DTP-110 	HDAC	
771751	1339928-25-4		CUDC-907	CUDC-907; 	Curis	DTP-110 	HDAC	PI3K; 
773264	604769-01-9		JNJ-16241199	JNJ-16241199; R-306465; 	Janssen	DTP-110 	HDAC	
62343	1113-59-3		3-bromopyruvic acid	3-bromopyruvic acid; 	John Hopkins	DTP-110 	Hexokinase II	
756879	170632-47-0	lificiguat	YC-1	lificiguat; YC-1; 	Abbott	DTP-110 	HIF-1 alpha	HIF-2 alpha; 
781016	1227158-85-1		BAY-87-2243	BAY-87-2243; 	Bayer	DTP-110 	HIF-1 alpha	
787312	1672665-49-4		PT-2385	PT-2385; 	Peloton Therapeutics	DTP-110 	HIF-2 alpha	
764517	1255580-76-7		UNC-0638	UNC-0638; 	UNC	DTP-110 	Histone-lysine methyl transferase	
777571	935693-62-2		BIX-01294	BIX-01294; 	Boehringer Ingelheim	DTP-110 	Histone-lysine methyl transferase	
777671	1374601-40-7		BRD-4770	BRD-4770; 	Harvard	DTP-110 	Histone-lysine methyl transferase	
330507	75747-14-7	tanespimycin	17-AAG	17-AAG; tanespimycin; 	BMS	DTP-110 	Hsp90	
707545	467214-21-7	alvespimycin	17-DMAG	17-DMAG; alvespimycin; 	BMS	DTP-110 	Hsp90	
755762	747412-49-3	luminespib	AUY-922	AUY-922; luminespib; VER-52296; 	Novartis	DTP-110 	Hsp90	
761194	1061318-81-7		CUDC-305	CUDC-305; Debio-0932; 	Curis	DTP-110 	Hsp90	
763579	912999-49-6	onalespib	AT-13387	AT-13387; onalespib; 	Astex	DTP-110 	Hsp90	
765395	958025-66-6		MPC-3100	MPC-3100; 	Myrexis	DTP-110 	Hsp90	
765435	888216-25-9	ganetespib	STA-9090	ganetespib; STA-9090; 	Synta	DTP-110 	Hsp90	
768509	908115-27-5		PF-04929113	PF-04929113; SNX-5422; 	Pfizer	DTP-110 	Hsp90	
772351	1149705-71-4		XL-888	XL-888; 	Exelixis	DTP-110 	Hsp90	
772885	1207961-33-8		PF-4942847	PF-4942847; 	Pfizer	DTP-110 	Hsp90	
773265	848695-25-0		CNF-2024	BIIB-021; CNF-2024; 	Conforma	DTP-110 	Hsp90	
780204	1260533-36-5		TAS-116	TAS-116; 	Taiho	DTP-110 	Hsp90	
754359	934963-58-3		AEG-40730	AEG-40730; 	Aegera	DTP-110 	IAP	XIAP; 
764757	1071992-99-8		AT-406	AT-406; SM-406; 	Ascenta	DTP-110 	IAP	
765898	873652-48-3		GDC-0152	GDC-0152; 	Roche	DTP-110 	IAP	
767128	1260251-31-7	birinapant	TL-32711	birinapant; TL-32711; 	TetraLogic	DTP-110 	IAP	
772868	1005342-46-0		LCL-161	LCL-161; 	Novartis	DTP-110 	IAP	
781468	1446182-94-0		CUDC-427	CUDC-427; GDC-0917; RG-7459; 	Genetech	DTP-110 	IAP	
787048	1258392-53-8		AZD-5582	AZD-5582; 	AstraZeneca	DTP-110 	IAP	
768539	1355324-87-6		Agios Cmp 301	Agios Cmp 301; 	Agios	DTP-110 	IDH1	
772564	1355324-14-9		IDH-C227	IDH-C227; 	Agios	DTP-110 	IDH1	
773096	1355326-35-0		IDH-C35	IDH-C35; 	Agios	DTP-110 	IDH1	
789102	1448347-49-6	ivosidenib	AG-120	AG-120; ivosidenib; 	Agios	DTP-110 	IDH1	
794487	1803274-65-8		BAY-1436032	BAY-1436032;	Bayer	DTP-110	IDH1	
781409	1432660-47-3		AGI-6780	AGI-6780; 	Agios	DTP-110 	IDH2	
788120	1446502-11-9	enasidenib	AG-221	AG-221; enasidenib; 	Agios	DTP-110 	IDH2	
721782	110117-83-4		1-Methyl-[D]-tryptophan	1-Methyl-[D]-tryptophan; 	NewLinkGenetics	DTP-110 	IDO1	
785497	1204669-58-8	epacadostat	INCB-24360	epacadostat; INCB-24360; 	Incyte	DTP-110 	IDO1	
796100	198474-05-4		PF-06840003	PF-06840003;	Pfizer	DTP-110	IDO1	
756652	867160-71-2	linsitinib	ASP-7487	ASP-7487; linsitinib; OSI-906; 	OSI	DTP-110 	IGF1R	
758243	1001350-96-4		BMS-754807	BMS-754807; 	BMS	DTP-110 	IGF1R	
761760	468740-43-4		BMS-536924	BMS-536924; 	BMS	DTP-110 	IGF1R	
761931	904897-64-9		KHK Indazole	KHK Indazole; 	Kyowa Hakko Kirin	DTP-110 	IGF1R	
766255	1116235-97-2		GSK-1838705A	GSK-1838705A; 	GlaxoSmithKline	DTP-110 	IGF1R	Alk; 
767006	475489-16-8		AEW-541	AEW-541; 	Novartis	DTP-110 	IGF1R	
767746	475488-23-4		ADW-742	ADW-742; GSK-552602-A; 	Novartis	DTP-110 	IGF1R	c-Kit; 
767951	1089283-49-7		GSK-1904529A	GSK-1904529A; 	GlaxoSmithKline	DTP-110 	IGF1R	
778366	898280-07-4		XL-228	XL-228; 	Exelixis	DTP-110 	IGF1R	Aurora; FGFR; Src; 
66847	50-35-1	thalidomide	K-17	K-17; thalidomide; 	Celgene	DTP-103 	immunomodulatory	
747972	191732-72-6	lenalidomide	CC-5013	CC-5013; lenalidomide; 	Celgene	DTP-103 	immunomodulatory	
775351	19171-19-8	pomalidomide	CC-4047	CC-4047; CDC-394; IMID-4047; pomalidomide; 	Celgene	DTP-103 	immunomodulatory	
762152	960374-59-8		ONX-0914	ONX-0914; PR-957; 	Onyx	DTP-110 	Immunoproteasome	
752	50-44-2	thioguanine		thioguanine; 	GlaxoSmithKline	DTP-103 	IMPDH	
767601	297730-17-7		AVN-944	AVN-944; VX-944; 	Vertex	DTP-110 	IMPDH	IMPDH-1; IMPDH-2; 
774651	188968-51-6	cilengitide	EMD-121974	cilengitide; EMD-121974; 	Merck Serono	DTP-110 	Integrin	
776790	227963-15-7		MK-0429	MK-0429; 	Merck	DTP-110 	Integrin	
777573	289483-69-8		E-7820	E-7820; 	Eisai	DTP-110 	Integrin	
755981	857064-42-7		WP-1034	WP-1034; 	MD Anderson	DTP-110 	JAK	
759674	1138325-13-9	pacritinib	SB-1518	ONX-0803; pacritinib; SB-1518; 	S*BIO	DTP-110 	JAK	
763371	941678-49-5	ruxolitinib	INCB-018424	INCB-018424; ruxolitinib; 	Incyte	DTP-110 	JAK	JAK1; JAK2; 
764820	1229236-86-5	gandotinib	LY-2784544	gandotinib; LY-2784544; 	Eli Lilly	DTP-110 	JAK	JAK2; JAK3; 
766821	1271022-90-2		BMS-911543	BMS-911543; 	BMS	DTP-110 	JAK	JAK1; JAK2; JAK3; 
767598	1056634-68-4	momelotinib	CYT-387	CYT-387; momelotinib; 	YM Biosciences	DTP-110 	JAK	JAK1; JAK2; JAK3; 
772887	945750-13-0		XL-019	XL-019; 	Exelixis	DTP-110 	JAK	JAK2; 
772920	937273-04-6		SB-1578	ONX-0805; SB-1578; 	S*BIO	DTP-110 	JAK	JAK2; 
781626	937272-79-2	pacritinib	SB-1518	ONX-0803; pacritinib; SB-1518; 	S*BIO	DTP-110 	JAK	JAK2; 
782351	477600-75-2	tofacitinib	CP-690550	CP-690550; tofacitinib; 	Pfizer	DTP-110 	JAK	JAK1; JAK3; 
792849	1334298-90-6	itacitinib	INCB-39110	INCB-39110; itacitinib; 	Incyte	DTP-110 	JAK1	
756648	935666-88-9		AZD-1480	AZD-1480; 	AstraZeneca	DTP-110 	JAK2	
767600	936091-26-8	fedratinib	SAR-302503	fedratinib; SAR-302503; TG-101348; 	Sanofi	DTP-110 	JAK2	Flt3; Ret; 
755773	129-56-6		SP-600125	SP-600125; 	Celgene	DTP-110 	JNK	p38 MAPK; 
755386	336113-53-2	ispinesib	CK-0238273	CK-0238273; ispinesib; SB-715992; 	Cytokinetics	DTP-110 	KSP	KSP5; 
763564	858668-07-2		EMD-534085	EMD-534085; 	Merck Serono	DTP-110 	KSP	KSP5; 
771644	1095253-39-6		ARQ-621	ARQ-621; 	ArQule	DTP-110 	KSP	Eg5; 
772254	885060-09-3		ARRY-520 (isomer A)	ARRY-520 (isomer A); 	Array	DTP-110 	KSP	
772255	885060-09-3		ARRY-520 (isomer B)	ARRY-520 (isomer B); 	Array	DTP-110 	KSP	
773261	940929-33-9		SB-743921	GSK-921; SB-743921; 	GlaxoSmithKline	DTP-110 	KSP	Eg5; 
780965	845256-65-7		MK-0731	MK-0731; 	Merck	DTP-110 	KSP	Eg5; 
789722	910634-41-2	litronesib	LY-2523355	KF-89617; litronesib; LY-2523355; 	Eli Lilly	DTP-110 	KSP	
773174	1370290-34-8		LDHA Cmp 33	LDHA Cmp 33; 	AstraZeneca	DTP-110 	LDHA	
775018	1370290-53-1		LDHA Cmp 35	LDHA Cmp 35; 	AstraZeneca	DTP-110 	LDHA	
762419	521064-34-6		CT-32228	CT-32228; 	Cell Therapeutics	DTP-110 	LPAAT-beta	VEGFR; 
783917	1401966-69-5		GSK-2879552	GSK-2879552; 	GlaxoSmithKline	DTP-110 	LSD1	
787081	1613028-81-1		SR-9243	SR-9243; 	Scripps	DTP-110 	LXR	
788186	859212-16-1	bafetinib	CNS-9	bafetinib; CNS-9; INNO-406; 	CytRx	DTP-110 	Lyn	Bcr-Abl; Fyn; 
763094	1101854-58-3		JZL-184	JZL-184; 	VCU	DTP-110 	MAGL	
763527	1210004-12-8		JZL-195	JZL-195; 	VCU	DTP-110 	MAGL	
781008	1227962-62-0	maritoclax	marinopyrrole A	marinopyrrole A; maritoclax; 	Scripps	DTP-110 	Mcl-1	
783916	1651890-44-6	pyridoclax	MR-29072	MR-29072; pyridoclax; 	CNRS	DTP-110 	Mcl-1	
784817	no cas		A-1210477	A-1210477; 	AbbVie	DTP-110 	Mcl-1	
787780	1228108-65-3	sabutoclax	BI-97C1	BI-97C1; sabutoclax; 	Sanford Burnham	DTP-110 	Mcl-1	
787960	518303-20-3		UMI-77	UMI-77; 	Univ Michigan	DTP-110 	Mcl-1	
787047	1448671-31-5		AZD-3965	AZD-3965; 	AstraZeneca	DTP-110 	MCT	MCT1; MCT2; 
754358	787632-66-0		JNJ-27291199	JNJ-27291199; TDP-665759; 	3-Dimensional	DTP-110 	MDM2	
754360	1201143-87-4		MI-219	MI-219; 	Univ Michigan	DTP-110 	MDM2	
756875	548472-68-0	(+/-)-nutlin-3		(+/-)-nutlin-3; 	Roche	DTP-110 	MDM2	
756876	675576-98-4	(-)-nutlin-3		(-)-nutlin-3; 	Roche	DTP-110 	MDM2	
763443	675576-97-3	(+)-Nutlin-3		(+)-Nutlin-3; 	Roche	DTP-110 	MDM2	
771531	no cas		RG-7112	RG-7112; RO-504337; 	Roche	DTP-110 	MDM2	
779404	1229705-06-9	idasanutlin	RG-7388	idasanutlin; RG-7388; 	Roche	DTP-110 	MDM2	
781009	1303607-07-9		MI-773	MI-773; SAR-405838; 	Univ Michigan	DTP-110 	MDM2	
781515	1352066-68-2		AMG-232	AMG-232; 	Amgen	DTP-110 	MDM2	
783015	1313363-54-0		CGM-097	CGM-097; 	Novartis	DTP-110 	MDM2	
679828	167869-21-8		PD-98059	PD-98059; 	Pfizer	DTP-110 	MEK	MEK1; MEK2; 
741078	606143-52-6	selumetinib	AZD-6244	AZD-6244; selumetinib; 	AstraZeneca	DTP-110 	MEK	MEK1; MEK2; 
755763	1236699-92-5	pimasertib	AS-703026	AS-703026; MSC-1936369; pimasertib; 	Santhera	DTP-110 	MEK	MEK1; MEK2; 
755770	391210-10-9		PD-0325901	PD-0325901; 	Pfizer	DTP-110 	MEK	
758246	871700-17-3	trametinib	GSK-1120212	GSK-1120212; trametinib; 	GlaxoSmithKline	DTP-103 	MEK	MEK1; MEK2; 
758248	946128-88-7		RO-5126766	RG-7304; RO-5126766; 	Roche	DTP-110 	MEK	MEK1; MEK2; Raf; 
761215	1035555-63-5		TAK-733	TAK-733; 	Takeda	DTP-110 	MEK	MEK1; MEK2; 
762521	874101-00-5		RG-7167	CH-4987655; RG-7167; RO-4987655; 	Roche	DTP-110 	MEK	
764042	1201685-05-3		ARRY-162	ARRY-162; MEK-162; 	Array	DTP-110 	MEK	MEK1; MEK2; 
765695	212631-79-3		PD-184352	CI-1040; PD-184352; 	Pfizer	DTP-110 	MEK	
765866	923032-37-5	refametinib	BAY-86-9766	AR-119; BAY-86-9766; RDEA-119; refametinib; 	Bayer	DTP-110 	MEK	MEK1; MEK2; 
768068	934660-93-2	cobimetinib	XL-518	cobimetinib; GDC-0973; RG-7421; XL-518; 	Exelixis	DTP-103 	MEK	MEK1; 
768069	934660-93-2	cobimetinib enantiomer	XL-518 enantiomer	cobimetinib enantiomer; XL-518 enantiomer; 	Exelixis	DTP-110 	MEK	MEK1; 
772563	869357-68-6		AZD-8330	ARRY-704; AZD-8330; 	AstraZeneca	DTP-110 	MEK	MEK1; MEK2; 
778590	1168091-68-6		GDC-0623	GDC-0623; RG-7420; 	Roche	DTP-110 	MEK	MEK1; 
783272	1610586-62-3		JNJ-47117096	JNJ-47117096; 	Janssen	DTP-110 	MELK	
787251	192441-08-0	lomeguatrib	AZD-5896	AZD-5896; lomeguatrib; 	AstraZeneca	DTP-110 	MGMT	
793148	no cas		RX-5902	RX-5902; 	Rexahn	DTP-110 	microtubule	
702294	52205-73-9	estramustine	Ro-21-8837	estramustine; Ro-21-8837; 	Roche	DTP-103 	Microtubule depolymerase	
787039	1857417-13-0		MI-503	MI-503; 	Univ Michigan	DTP-110 	MLL	
791783	1849590-02-8		eFT-508	eFT-508; 	eFFECTOR	DTP-110 	MNK	
787025	1443763-60-7		BAY-1161909	BAY-1161909; 	Bayer	DTP-110 	MPS1	
787026	1554458-53-5		BAY-1217389	BAY-1217389; 	Bayer	DTP-110 	MPS1	
789044	1578244-34-4		CCT-271850	CCT-271850; 	Cancer Research Tech	DTP-110 	MPS1	
794589	1817791-73-3		NTRC-0066-0	NTRC-0066-0;	Netherlands Translational Res Center	DTP-110	MPS1	
789042	916151-99-0		APTO-253	APTO-253; LOR-253; 	Aptose	DTP-110 	MTF-1	KLF4; 
226080	53123-88-9	rapamycin		rapamycin; 	Pfizer	DTP-103 	mTor	
683864	162635-04-3	temsirolimus	CCI-779	CCI-779; temsirolimus; 	Pfizer	DTP-103 	mTor	
733504	159351-69-6	everolimus	RAD-101	everolimus; RAD-101; 	Novartis	DTP-103 	mTor	
751249	915019-65-7	dactolisib	BEZ-235	BEZ-235; dactolisib; 	Novartis	DTP-110 	mTor	PI3K; 
755771	162520-00-5	salirasib	KD-032	KD-032; ONO-7056; salirasib; 	Concordia	DTP-110 	mTor	
757440	572924-54-0	deforolimus	MK-8669	AP-23573; deforolimus; MK-8669; 	Merck	DTP-110 	mTor	
758256	1197160-78-3	gedatolisib	PF-05212384	gedatolisib; PF-05212384; PKI-587; 	Pfizer	DTP-110 	mTor	PI3K; 
758871	1009298-09-2		AZD-8055	AZD-8055; 	AstraZeneca	DTP-110 	mTor	
759660	1187559-66-5		OSI-027	OSI-027; 	OSI	DTP-110 	mTor	
764091	1032754-93-0	apitolisib	GDC-0980	apitolisib; GDC-0980; R-7422; RG-7422; 	Roche	DTP-110 	mTor	PI3K; 
764515	1092351-67-1		PP-242	PP-242; 	UCSF	DTP-110 	mTor	
764658	1224844-38-5		INK-128	INK-128; MLN-0128; 	Intellikine	DTP-110 	mTor	
767189	1009298-59-2		AZD-2014	AZD-2014; 	AstraZeneca	DTP-110 	mTor	
771532	1207360-89-1		RG-7603	GDC-0349; RG-7603; 	Roche	DTP-110 	mTor	
775727	1223001-51-1		torin2	torin2; 	Dana Farber	DTP-110 	mTor	
784815	1101810-02-9		AZD-3147	AZD-3147; 	AstraZeneca	DTP-110 	mTor	
792971	1228013-30-6		CC-223	CC-223; 	Celgene	DTP-110 	mTor	
793151	1229013-15-7		CC-115	CC-115; 	Celgene	DTP-110 	mTor	
794442	1927857-56-4		PQR-620	PQR-620;	Piqur Therapeutics	DTP-110	mTor	
747971	284461-73-0	sorafenib	BAY 43-9006	BAY 43-9006; BAY 54-9085; sorafenib; 	Bayer	DTP-103 	multikinase	Braf; PDGFR; VEGFR; 
750690	557795-19-4	sunitinib	SU-011248	PNU-290940AD; SU-010398; SU-011248; sunitinib; 	Pfizer	DTP-103 	multikinase	c-Kit; PDGFR; VEGFR; 
754349	850879-09-3	amuvatinib	MP-470	amuvatinib; HPK-56; MP-470; 	SuperGen	DTP-110 	multikinase	c-Kit; Flt3; PDGFR; RAD51; 
755774	62996-74-1	staurosporine	AM-2282	AM-2282; staurosporine; 	Ajinomoto	DTP-110 	multikinase	
755775	849217-64-7	foretinib	XL-880	foretinib; GSK-1363089; XL-880; 	Exelixis	DTP-110 	multikinase	Axl; c-Met; RON; VEGFR; 
763932	755037-03-7	regorafenib	BAY-73-4506	BAY-73-4506; regorafenib; 	Bayer	DTP-103 	multikinase	c-Kit; FGFR; PDGFR; Ret; VEGFR; 
766887	728033-96-3		OSI-930	OSI-930; 	OSI	DTP-110 	multikinase	c-Kit; PDGFR; VEGFR; 
767953	882531-87-5		R-1530	R-1530; 	Roche	DTP-110 	multikinase	Cdk; FGFR; KDR; PDGFR; VEGFR; 
772197	1206799-15-6	merestinib	LY-2801653	LY-2801653; merestinib; 	Eli Lilly	DTP-110 	multikinase	Axl; c-Met; Flt3; Mer; MST-1R; 
774830	802539-81-7	milciclib	PHA-848125	milciclib; PHA-848125; 	Pfizer	DTP-110 	multikinase	Cdk; 
783249	807640-87-5		JNJ-26483327	JNJ-26483327; 	JNJ	DTP-110 	multikinase	EGFR; erbB2; Ret; Src; VEGFR; 
783296	1092364-38-9	poziotinib	HM-781-36B	HM-781-36B; poziotinib; 	Hanmi	DTP-110 	multikinase	EGFR; EGFR T790M; erbB2; 
789040	1197397-89-9		CBL-0137	CBL-0137; 	Cleveland Biolabs	DTP-110 	multitargeted	
780404	1035227-43-0		AZ-505	AZ-505; 	AstraZeneca	DTP-110 	N-Lysine Methyltransferase	SMYD2; 
761192	905579-51-3	pevonedistat	MLN-4924	MLN-4924; pevonedistat; 	Millennium	DTP-110 	NAE	
760442	no cas	daporinad hydrochloride	AP0-866	AP0-866; daporinad hydrochloride; FK-866 HCl; 	Astellas	DTP-110 	NAMPRTase	
761189	432037-57-5	teglarinad	EB-1627	EB-1627; GMX-1777; teglarinad; 	Gemin X	DTP-110 	NAMPRTase	
777194	658084-64-1	daporinad	AP0-866	AP0-866; daporinad; FK-866; 	Astellas	DTP-110 	NAMPRTase	
779407	1362154-70-8		GNE-617	GNE-617; 	Forma	DTP-110 	NAMPRTase	
789099	1698878-14-6		LY-3154567	LY-3154567; 	Eli Lilly	DTP-110 	NAMPRTase	
787253	1421438-81-4		LY-3039478	LY-3039478; 	Eli Lilly	DTP-110 	Notch	
795781	1415925-18-6		GSK-2795039	GSK-2795039;	GSK	DTP-110	NOX2	
755772	152121-47-6		SB-203580	SB-203580; 	GlaxoSmithKline	DTP-110 	p38 MAPK	
756653	193551-21-2		SB-239063	SB-239063; 	GlaxoSmithKline	DTP-110 	p38 MAPK	
766820	862505-00-8		LY-2228820	LY-2228820; 	Eli Lilly	DTP-110 	p38 MAPK	
775665	745833-23-2		VX-702	VX-702; 	Vertex	DTP-110 	p38 MAPK	
777446	309913-83-5	talmapimod	SCIP-469	SCIP-469; talmapimod; 	Scios	DTP-110 	p38 MAPK	
778367	945614-12-0	pexmetinib	ARRY-614	ARRY-614; pexmetinib; 	Array	DTP-110 	p38 MAPK	
789969	152121-30-7		SB-202190	FHPI; SB-202190; 	GlaxoSmithKline	DTP-110 	p38 MAPK	
786100	1542705-92-9		CB-5083	CB-5083; 	Cleave	DTP-110 	p97	
781470	1279034-84-2		PF-03758309	PF-03758309; 	Pfizer	DTP-110 	PAK4	
792970	no cas		KPT-9274	KPT-9274; 	Karyopharm	DTP-110 	PAK4	
760842	892546-37-1		BIM-46187	BIM-46187; 	Ipsen	DTP-110 	pan G-protein	
752493	160003-66-7	iniparib	BSI-201	BSI-201; IND-71677; iniparib; SAR-240550; 	Sanofi	DTP-110 	Parp-1	
752840	912444-00-9	veliparib	ABT-888	ABT-888; veliparib; 	Abbott	DTP-110 	Parp-1	
753686	763113-22-0	olaparib	AZD-2281	AZD-2281; olaparib; 	AstraZeneca	DTP-103 	Parp-1	
754355	1038915-60-4	niraparib	MK-4827	MK-4827; niraparib; 	Merck	DTP-110 	Parp-1	
756644	459868-92-9	rucaparib	PF-01367338	AG-014699; PF-01367338; rucaparib; 	Pfizer	DTP-103 	Parp-1	
765396	1207454-56-5		BMN-673 (racemate)	BMN-673 (racemate); LT-00673; 	BioMarin	DTP-110 	Parp-1	
767125	1207456-01-6	talazoparib	BMN-673	BMN-673; talazoparib; 	BioMarin	DTP-110 	Parp-1	
767533	1207456-00-5		BMN-673 (inactive enantiomer)	BMN-673 (inactive enantiomer); 	BioMarin	DTP-110 	Parp-1	
768593	916574-83-9		CEP-9722	CEP-9722; 	Cephalon	DTP-110 	Parp-1	
773230	1174043-16-3		AZD-2461	AZD-2461; 	AstraZeneca	DTP-110 	Parp-1	
783107	1140964-99-3		E-7449	E-7449; 	Eisai	DTP-110 	Parp-1	Parp-2; 
779408	1440898-82-7		deltarasin	deltarasin; 	Max-Planck	DTP-110 	PDE-delta	
756659	656247-18-6	nintedanib	BIBF-1120	BIBF-1120; nintedanib; Vargatef; 	Boehringer Ingelheim	DTP-110 	PDGFR	FGFR; Flt3; VEGFR; 
763526	670220-88-9	crenolanib	CP-868596	CP-868596; crenolanib; 	Pfizer	DTP-110 	PDGFR	c-Kit; Flt3; Tie2; VEGFR; 
764237	796967-16-3	linifanib	ABT-869	ABT-869; linifanib; RG-3635; 	Abbott	DTP-110 	PDGFR	CSF-1R; Flt3; KDR; PDGFR; VEGFR; 
787038	1351522-04-7		AC-710	AC-710; 	Ambit	DTP-110 	PDGFR	CSF-1R; Flt3; 
756657	742112-33-0		OSU-03012	AR-12; OSU-03012; 	Ohio State	DTP-110 	PDK-1	
756658	742112-34-1		OSU-03013	OSU-03013; 	Ohio State	DTP-110 	PDK-1	
758485	702674-56-4		BX-912	BX-912; 	Berlex	DTP-110 	PDK-1	
759658	1227911-45-6		GSK-2334470	GSK-2334470; 	GlaxoSmithKline	DTP-110 	PDK-1	
781627	1337531-36-8		GSK-2606414	GSK-2606414; 	GlaxoSmithKline	DTP-110 	PERK	
18509	5451-09-2	aminolevulinic acid		aminolevulinic acid; 		DTP-103 	Photosensitizer	
221019	19545-26-7		wortmannin	KY-12420; wortmannin; 	Sigma Aldrich	DTP-110 	PI3K	
722134	502844-51-1	sonolisib	PX-866	DJM-166; PX-866; sonolisib; 	Oncothyreon	DTP-110 	PI3K	
754353	944396-07-0	buparlisib	BKM-120	BKM-120; buparlisib; 	Novartis	DTP-110 	PI3K	
755385	957054-30-7	pictilisib	GDC-0941	GDC-0941; pictilisib; RG-7321; 	Roche	DTP-110 	PI3K	
755769	154447-36-6		LY-294002	LY-294002; SF-1101; 	Eli Lilly	DTP-110 	PI3K	
759224	870281-82-6	idelalisib	CAL-101	CAL-101; idelalisib; 	Icos	DTP-103 	PI3K	
759676	371935-74-9		PI-103	PI-103; 	Astellas	DTP-110 	PI3K	mTor; 
760443	1032568-63-0	copanlisib	BAY-80-6946	BAY-80-6946; copanlisib; 	Bayer	DTP-110 	PI3K	
760536	1013101-36-4		PF-04691502	PF-04691502; 	Pfizer	DTP-110 	PI3K	
762382	1007207-67-1		CH-5132799	CH-5132799; PA-799; 	Chugai	DTP-110 	PI3K	
764092	1086062-66-9		GSK-2126458	GSK-2126458; GSK-458; 	GlaxoSmithKline	DTP-110 	PI3K	
764516	475110-96-4		ZSTK-474	ZSTK-474; 	Zenyaku Kogyo	DTP-110 	PI3K	
765974	1217486-61-7		BYL-719	BYL-719; 	Novartis	DTP-110 	PI3K	
768508	1372540-25-4		GSK-2636771	GSK-2636771; 	GlaxoSmithKline	DTP-110 	PI3K	mTor; 
772469	1201438-56-3		INK-1197	INK-1197; IPI-145; 	Infinity	DTP-110 	PI3K	
773095	1245537-68-1		BGT-226	BGT-226; 	Novartis	DTP-110 	PI3K	
775306	914913-88-5		SG-00529	P-529; SG-00529; 	Paloma	DTP-110 	PI3K	Akt; mTor; 
776996	371935-79-4		PI-103	PI-103; 	Astellas	DTP-110 	PI3K	mTor; 
778810	1246560-33-7		VS-5584	VS-5584; 	Verastem	DTP-110 	PI3K	mTor; 
782122	1253573-53-3		AMG-511	AMG-511; 	Amgen	DTP-110 	PI3K	
782362	1246203-32-6		PWT-33597	PWT-33597; 	Pathway	DTP-110 	PI3K	mTor; 
785117	1225037-39-7		PQR-309	PQR-309; 	Piqur	DTP-110 	PI3K	mTor; 
786099	1620576-64-8		AZD-8835	AZD-8835; 	AstraZeneca	DTP-110 	PI3K	
787137	1608125-21-8		AMG-319	AMG-319; 	Amgen	DTP-110 	PI3K	
789968	1386874-06-1		LY-3023414	LY-3023414; 	Eli Lilly	DTP-110 	PI3K	mTor; 
791226	934493-76-2	voxtalisib	XL-765	SAR-245409; voxtalisib; XL-765; 	Exelixis	DTP-110 	PI3K	
791227	934526-89-3	pilaralisib	XL-147	pilaralisib; SAR-245408; XL-147; 	Exelixis	DTP-110 	PI3K	
792987	1382979-44-3		GDC-0084	GDC-0084; 	Genetech	DTP-110 	PI3K	mTor; 
794590	1375469-38-7		BAY-1082439	BAY-1082439;	Bayer	DTP-110	PI3K	
795067	1693758-51-8		IPI-549	IPI-549;	Infinity	DTP-110	PI3K	
795384	1268454-23-4	serabelisib	INK-1117	INK-1117; MLN-1117	Millennium	DTP-110	PI3K	
777425	1282512-48-4	taselisib	GDC-0032	GDC-0032; RG-7604; taselisib; 	Roche	DTP-110 	pI3K alpha	
777877	1276553-09-3		PF-4989216	PF-4989216; 	Pfizer	DTP-110 	pI3K alpha	
777572	1627494-13-6		AZD-8186	AZD-8186; 	AstraZeneca	DTP-110 	pI3K beta	
780290	1260612-13-2		SAR-260301 (enantiomer 1)	SAR-260301 (enantiomer 1); 	Sanofi	DTP-110 	pI3K beta	
780291	no cas		SAR-260301 (enantiomer 2)	SAR-260301 (enantiomer 2); 	Sanofi	DTP-110 	pI3K beta	
757333	1173928-26-1		SGI-1776	SG-0407; SGI-1776; 	Astex	DTP-110 	PIM-1	
776066	1204144-28-4		AZD-1208	AZD-1208; 	AstraZeneca	DTP-110 	PIM-1	PIM-2; PIM-3; 
791495	1428569-85-0		GDC-0339	GDC-0339; 	Genetech	DTP-110 	PIM-1	PIM-2; PIM-3; 
794109	1210416-52-6		LGH-447	LGH-447; PIM-447	Novartis	DTP-110	PIM-1	
755766	130964-39-5		H-89 dihydrochloride	H-89 dihydrochloride; 	UPenn	DTP-110 	PKA	
782017	127243-85-0		H-89	H-89; 	UPenn	DTP-110 	PKA	
36405	3895-92-9	chelerythrine	MP-0922	chelerythrine; MP-0922; 	Marinus	DTP-110 	PKC	
766819	425637-18-9	sotrastaurin	AEB-071	AEB-071; sotrastaurin; 	Novartis	DTP-110 	PKC	
767124	170364-57-5	enzastaurin	LY-317615	enzastaurin; LY-317615; 	Eli Lilly	DTP-110 	PKC	
772991	1260074-86-9		PKM2 Activator 9	PKM2 Activator 9; 	Agios	DTP-110 	PKM2	
754354	929095-18-1		GSK-461364	GSK-461364; 	GlaxoSmithKline	DTP-110 	Plk-1	
755983	755038-02-9		BI-2536	BI-2536; 	Boehringer Ingelheim	DTP-110 	Plk-1	
757149	755038-65-4	volasertib	BI-6727	BI-6727; volasertib; 	Boehringer Ingelheim	DTP-110 	Plk-1	
761759	1157847-46-5		TAK-960 analog	TAK-960 analog; 	Takeda	DTP-110 	Plk-1	
762154	1201692-18-3		Des-fluoro-TAK-960	Des-fluoro-TAK-960; 	Takeda	DTP-110 	Plk-1	
762418	1214266-16-6		TAK Plk inhibitor	TAK Plk inhibitor; 	Takeda	DTP-110 	Plk-1	
767470	1228960-69-7		MLN-0905	MLN-0905; 	Millenium	DTP-110 	Plk-1	
768072	1137868-52-0		TAK-960	TAK-960; 	Takeda	DTP-110 	Plk-1	
781344	1034616-18-6		NMS-1286937	NMS-1286937; NMS-P937; 	Nerviano	DTP-110 	Plk-1	
791966	1338800-06-8		CFI-400945	CFI-400945; 	University Health Network	DTP-110 	Plk-1	
782164	1138549-36-6		CX-5461	CX-5461; 	Cylene	DTP-110 	Pol1-transcription of rRNA	
777639	1243244-14-5		LGK-974	LGK-974; 	Novartis	DTP-110 	Porcupine	Wnt; 
764579	223132-37-4	efatutazone	CS-7017	CS-7017; efatutazone; RS-5444; 	Daiichi Sankyo	DTP-110 	PPAR-gamma	
778746	108409-83-2		FH-535	FH-535; 	Fred Hutchinson	DTP-110 	PPAR-gamma	
785299	1616391-65-1		EPZ-015666	EPZ-015666; 	Epizyme	DTP-110 	PRMT5	
790865	1700663-41-7		EPZ-020411	EPZ-020411; 	Epizyme	DTP-110 	PRMT6	
71423	595-33-5	megestrol acetate	PAR-100.2	megestrol acetate; PAR-100.2; 	BMS	DTP-103 	Progesterone Receptor	
756655	179324-69-7	bortezomib	PS-341	bortezomib; MLN-341; PS-341; 	Millennium	DTP-103 	Proteosome	
758252	868540-17-4	carfilzomib	ONO-7057	carfilzomib; ONO-7057; 	Onyx	DTP-103 	Proteosome	
758254	1201902-80-8	ixazomib citrate	MLN-9708	ixazomib citrate; MLN-9708; 	Millenium	DTP-103 	Proteosome	
764334	847499-27-8	delanzomib	CEP-18770	CEP-18770; delanzomib; NP-47098; 	Cephalon	DTP-110 	Proteosome	
766254	935888-69-0	oprozomib	ONX-0912	ONX-0912; oprozomib; PR-047; 	Onyx	DTP-110 	Proteosome	
766907	1072833-77-2	ixazomib	MLN-2238	ixazomib; MLN-2238; 	Millenium	DTP-110 	Proteosome	
782153	133407-82-6		MG-132	MG-132; 	Millenium	DTP-110 	Proteosome	
755	6112-76-1	6-mercaptopurine	6MP	6-mercaptopurine; 6MP; 	GlaxoSmithKline	DTP-103 	PRPP amidotransferase	
782006	420126-30-3		PTC-691	PTC-691; 	PTC Therapeutics	DTP-110 	PTC	
766906	1096708-71-2		MLN-2480	BIIB-024; MLN-2480; 	Millenium	DTP-110 	Raf	
754344	592542-60-4	rigosertib	ON-01910Na	ON-01910Na; rigosertib; 	Onconova	DTP-110 	Ras	Plk-1; 
763525	839707-37-8	pluripotin	SC-1	pluripotin; SC-1; 	Scripps	DTP-110 	RasGAP	Erk1; 
788203	1123837-84-2	sitravatinib	MG-516	MG-516; sitravatinib; 	Mirati	DTP-110 	Ret	Axl; PDGFR; Trk; 
751297	146986-50-7		Y-27632	Y-27632; 	Mitsubishi	DTP-110 	Rho	
780205	451462-58-1	dimethylfasudil	H-1152	dimethylfasudil; H-1152; 	Nippon Shinyaku	DTP-110 	Rho	
32065	127-07-1	hydroxyurea		hydroxyurea; 	BMS	DTP-103 	Ribonucleotide reductase	
312887	75607-67-9	fludarabine	SHT-586	fludarabine; SHT-586; 	Bayer	DTP-103 	Ribonucleotide reductase	
759096	143621-35-6	triapine	3-AP	3-AP; PAN-811; triapine; 	Vion	DTP-110 	Ribonucleotide reductase	
761266	156436-89-4	motexafin	PCI-0120	motexafin; PCI-0120; 	Pharmacyclics	DTP-110 	Ribonucleotide reductase	
703081	77307-50-7		SL-0101	SL-0101; 	Univ VA	DTP-110 	RSK	
768011	1221878-06-3		XL-541	XL-541; 	Exelixis	DTP-110 	S1P1	
786959	1639042-08-2		AZD-9496	AZD-9496; 	AstraZeneca	DTP-110 	SERD	
787326	1365888-06-7		GDC-0810	GDC-0810; 	Roche	DTP-110 	SERD	
180973	54965-24-1	tamoxifen	ICI-46474	ICI-46474; tamoxifen; 	AstraZeneca	DTP-103 	SERM	
719276	129453-61-8	fulvestrant	ZD-9238	fulvestrant; ZD-9238; 	AstraZeneca	DTP-103 	SERM	
747974	84449-90-1	raloxifene	LY-156758	LY-156758; raloxifene; 	Eli Lilly	DTP-103 	SERM	
754350	157752-20-0		CB-64D	CB-64D; 	NIH	DTP-110 	Sigma agonist	
755986	879085-55-9	vismodegib	GDC-0449	GDC-0449; RG-3616; vismodegib; 	Roche	DTP-103 	SMO	
758486	599150-20-6		HPI-1	HPI-1; 	UCSF	DTP-110 	SMO	
761385	956697-53-3	sonidegib	LDE-225	LDE-225; sonidegib; 	Novartis	DTP-103 	SMO	
763758	1160830-00-1		SEN-450	SEN-450; 	Siena Biotech	DTP-110 	SMO	
767123	1037210-93-7	saridegib	IPI-926	IPI-926; saridegib; 	Infinity	DTP-110 	SMO	
767126	1057677-92-5		LEQ-506	LEQ-506; 	Novartis	DTP-110 	SMO	
767896	1258861-20-9		LY-2940680	LY-2940680; 	Eli Lilly	DTP-110 	SMO	
771858	1186231-83-3		TAK-441	TAK-441; 	Takeda	DTP-110 	SMO	
775772	1095173-27-5		PF-04449913	PF-04449913; 	Pfizer	DTP-110 	SMO	
781469	1059734-66-5		BMS-833923	BMS-833923; XL-139; 	BMS	DTP-110 	SMO	
796101	915385-81-8		ABC-294640	ABC-294640;	Apogee	DTP-110	SphK2	
756643	897016-82-9		KX2-391	KX-01; KX2-391; 	Kinex	DTP-110 	Src	
758872	379231-04-6	saracatinib	AZD-0530	AZD-0530; saracatinib; 	AstraZeneca	DTP-110 	Src	Blk; c-Yes; FGFR; Fyn; Lck; Lyn; 
765694	380843-75-4	bosutinib	SKI-506	bosutinib; SKI-506; 	Pfizer	DTP-103 	Src	Bcr-Abl; Hck; Lyn; 
755401	229305-39-9	golotimod	SCV-07	golotimod; SCV-07; 	UC Berkeley	DTP-110 	Stat3	
757334	1150339-93-7		Cpd-401	Cpd-401; 	Otsuka	DTP-110 	Stat3	
764037	1334493-07-0		BP-1-102	BP-1-102; 	University of Toronto	DTP-110 	Stat3	IL6; 
788900	83280-65-3	napabucasin	BBI-608	BBI-608; napabucasin; 	Sumitomo	DTP-110 	Stat3	beta-catenin; 
755387	781661-94-7	sepantronium bromide	YM-155	sepantronium bromide; YM-155; 	Astellas	DTP-110 	Survivan	
756662	666752-22-3		SR-13654	SR-13654; 	SRI	DTP-110 	Survivan	
766992	732983-37-8		BAY 61-3606	BAY 61-3606; 	Bayer	DTP-110 	Syk	
772498	841290-80-0		R-406	R-406; 	Rigel	DTP-110 	Syk	
772992	914295-16-2	fostamatinib	R-788	fostamatinib; R-788; R-935788; 	Rigel	DTP-110 	Syk	
776786	1370261-97-4		P505-15	P505-15; 	Biogen	DTP-110 	Syk	
781516	1229208-44-9	entosplenitib	GS-9973	entosplenitib; GS-9973; 	Gilead	DTP-110 	Syk	
791967	no cas		TAK-659 (isomer 1)	TAK-659 (isomer 1); 	Takeda	DTP-110 	Syk	
791968	no cas		TAK-659 (isomer 2)	TAK-659 (isomer 2); 	Takeda	DTP-110 	Syk	
755892	4884-68-8		hydrastinine	hydrastinine; 		DTP-110 	Syptic	
756649	301836-41-9		SB-431542	SB-431542; 	GlaxoSmithKline	DTP-110 	TGF-beta	
761216	700874-72-2	galunisertib	LY-2157299	galunisertib; LY-2157299; 	Eli Lilly	DTP-110 	TGF-beta	
765632	700874-71-1		LY-2109761	LY-2109761; 	Eli Lilly	DTP-110 	TGF-beta	
19893	51-21-8	5-fluorouracil	5-FU	5-fluorouracil; 5-FU; Ro-29757; 	Roche	DTP-103 	Thymidylate synthase	
27640	50-91-9	floxuridine	5-fluorodeoxyuridine	5-FdU; 5-fluorodeoxyuridine; floxuridine; 	Roche	DTP-103 	Thymidylate synthase	
75520	70-00-8	trifluridine	CF3dUrd	CF3dUrd; trifluridine; 	GlaxoSmithKline	DTP-103 	Thymidylate synthase	
639186	112887-68-0	raltitrexed	ZD-1694	raltitrexed; ZD-1694; 	AstraZeneca	DTP-110 	Thymidylate synthase	
712807	154361-50-9	capecitabine	Ro-09-1978	capecitabine; R-340; RG-340; Ro-09-1978; 	Chugai	DTP-103 	Thymidylate synthase	
764764	501332-69-0		ONX-0801	BGC-945; ONX-0801; 	Onyx	DTP-110 	Thymidylate synthase	
369100	99011-02-6	imiquimod	DZ-2636	DZ-2636; imiquimod; R-837; S-26308; TMX-101; 	3M	DTP-103 	TLR7	
777447	926927-61-9	motolimod	VTX-2337	motolimod; VTX-2337; 	Celgene	DTP-110 	TLR8	
755761	284028-89-3		XAV-939	S1180; XAV-939; 	Novartis	DTP-110 	TNKS	Wnt; 
789797	522650-83-5		SW-044248	SW-044248; 	UT Southwestern	DTP-110 	Top1	
787880	1338545-07-5		OTS-964	OTS-964; 	OncoTherapy	DTP-110 	TOPK	
609699	119413-54-6	topotecan	S-104864-A	S-104864-A; topotecan; 	GlaxoSmithKline	DTP-103 	Topo I	
616348	100286-90-6	irinotecan	CPT-11	CPT-11; irinotecan; 	Pfizer	DTP-103 	Topo I	
673596	86639-52-3		7-Ethyl-10-hydroxycamptothecin	7-Ethyl-10-hydroxycamptothecin; EHC; HCPT; SN-38; 	Yakult Honsha	DTP-110 	Topo I	
754365	346689-77-8		MLN-576	MLN-576; XR-11576; 	Xenova	DTP-110 	Topo I	Topo II; 
754366	343247-32-5		XR-5944	MLN-944; XR-5944; 	Xenova	DTP-110 	Topo I	Topo II; 
754367	89459-25-6		XR-5000	SN-22995; XR-5000; 	Xenova	DTP-110 	Topo I	Topo II; 
768112	529488-28-6		GENZ-644282	GENZ-644282; SAR-402674; 	Sanofi	DTP-110 	Topo I	
122819	29767-20-2	teniposide	VM-26	teniposide; VM-26; 	BMS	DTP-103 	Topo II	
141540	33419-42-0	etoposide	VP-16	etoposide; VP-16; 	Novartis	DTP-103 	Topo II	
256439	57852-57-0	idarubicin hydrochloride	IMI-30	idarubicin hydrochloride; IMI-30; 	Pfizer	DTP-103 	Topo II	
256942	56390-09-1	epirubicin hydrochloride	IMI-28	epirubicin hydrochloride; IMI-28; 	Pfizer	DTP-103 	Topo II	
279836	65271-80-9	mitoxantrone	CL-232315	CL-232315; mitoxantrone; 	Amgen	DTP-103 	Topo II	
698215	157542-91-1		XK-469	XK-469; 	BMS	DTP-110 	Topo II	
758251	69408-81-7	amonafide	CGX-571	amonafide; AS-1413; CGX-571; 	Abbott	DTP-110 	Topo II	
760764	175414-77-4	vosaroxin	AG-7352	AG-7352; SNS-595; SPC-595; vosaroxin; 	Sunesis	DTP-110 	Topo II	
784722	1361644-26-9	aldoxorubicin	INNO-206	aldoxorubicin; INNO-206; 	BMS	DTP-110 	Topo II	
785570	1223403-58-4		LOXO-101	LOXO-101; 	Loxo Oncology	DTP-110 	Trk	
49842	143-67-9	vinblastine		vinblastine; 	Eli Lilly	DTP-103 	Tubulin fragmenter	
67574	2068-78-2	vincristine		vincristine; 		DTP-103 	Tubulin fragmenter	
608210	125317-39-7	vinorelbine	ANX-530	ANX-530; KW-2307; SDP-012; vinorelbine; 	Novartis	DTP-103 	Tubulin fragmenter	
758488	917111-44-5	lexibulin	CYT-997	CYT-997; lexibulin; 	YM Biosciences	DTP-110 	Tubulin fragmenter	
758489	204205-90-3	indibulin	ZIO-301	D-24851; indibulin; ZIO-301; 	ZioPharm	DTP-110 	Tubulin fragmenter	
758773	827031-83-4	verubulin	EP-90745	EP-90745; MPC-6827; verubulin; 	Myrexis	DTP-110 	Tubulin fragmenter	
762598	798577-91-0		BAL-27862	BAL-27862; 	Basilea	DTP-110 	Tubulin fragmenter	
764608	1263384-43-5		BAL-101553	BAL-101553; 	Basilea	DTP-110 	Tubulin fragmenter	
778448	253426-24-3	ombrabulin hydrochloride	AC-7700	AC-7700; AVE-8062; ombrabulin hydrochloride; 	Sanofi	DTP-110 	Tubulin fragmenter	
125973	33069-62-4	paclitaxel	BMS-181339	ANX-513; BMS-181339; paclitaxel; SDP-013; 	BMS	DTP-103 	Tubulin stabilizer	
628503	114977-28-5	docetaxel	ANX-514	ANX-514; docetaxel; RP-56976; SYP-0704A; 	Sanofi	DTP-103 	Tubulin stabilizer	
747973	219989-84-1	ixabepilone	BMS-247550	BMS-247550; ixabepilone; 	BMS	DTP-103 	Tubulin stabilizer	
761432	183133-96-2	cabazitaxel	TAX-258	cabazitaxel; RPR-116258A; TAX-258; TXD-258; XRP-6258; 	Sanofi	DTP-103 	Tubulin stabilizer	
785004	1450833-55-2		MLN-7243	MLN-7243; 	Millennium	DTP-110 	Ubiquitin-activating enzyme	
737754	635702-64-6	pazopanib	GW-786034	GW-786034; pazopanib; 	GlaxoSmithKline	DTP-103 	VEGFR	c-Kit; FGFR; PDGFR; 
755606	288383-20-0	cediranib	AZD-2171	AZD-2171; cediranib; Recentin; 	AstraZeneca	DTP-110 	VEGFR	
755980	417716-92-8	lenvatinib	E-7080	E-7080; lenvatinib; 	Eisai	DTP-103 	VEGFR	FGFR; PDGFR; Ret; 
757441	319460-85-0	axitinib	AG-013736	AG-013736; axitinib; 	Pfizer	DTP-103 	VEGFR	PDGFR; 
758007	475108-18-0	tivozanib	ASP-4130	ASP-4130; AV-951; KRN-951; Tivopath; tivozanib; 	Astellas	DTP-110 	VEGFR	c-Kit; c-Met; FGFR; Flt3; PDGFR; 
760766	443913-73-3	vandetanib	ZD-6474	vandetanib; ZD-6474; 	AstraZeneca	DTP-103 	VEGFR	PDGFR, EGFR; Ret; 
760843	453562-69-1	motesanib	AMG-706	AMG-706; motesanib; 	Amgen	DTP-110 	VEGFR	c-Kit; PDGFR; Ret; 
762381	900573-88-8		JI-101	CGI-1842; JI-101; 	Gilead	DTP-110 	VEGFR	EphA4; PDGFR; 
764481	649735-63-7	brivanib	BMS-582664	BMS-582664; brivanib; 	BMS	DTP-110 	VEGFR	FGFR; 
772499	212142-18-2	vatalanib	CGP-79787D	CGP-79787D; vatalanib; ZK-222584, PTK-787; 	Novartis	DTP-110 	VEGFR	c-Kit; PDGFR; 
772886	1218779-75-9	apatinib mesylate	YN-968D1	apatinib mesylate; YN-968D1; 	Jiangsu Hengrui	DTP-110 	VEGFR	
776017	332012-40-5	telatinib	BAY-57-9352	BAY-57-9352; telatinib; 	Bayer	DTP-110 	VEGFR	c-Kit; PDGFR; 
782762	1058137-23-7	lucitinib	E-3810	E-3810; lucitinib; 	Advenchen	DTP-110 	VEGFR	FGFR; PDGFR; 
791059	936694-12-1	glesatinib	MGCD-265	glesatinib; MGCD-265; 	Mirati	DTP-110 	VEGFR	
788992	1801787-56-3		OICR-9429	OICR-9429; 	Ontario Institute	DTP-110 	WDR5	
754352	955365-80-7		MK-1775	MK-1775; 	Merck	DTP-110 	Wee-1	
756641	780757-88-2		ICG-001	ICG-001; 	Institute for Chemical Genomics	DTP-110 	Wnt	beta-catenin; 
756646	1127442-82-3		IWR-1	IWR-1; 	UT Southwestern	DTP-110 	Wnt	beta-catenin; 
784591	1661839-45-7		CCT-251545	CCT-251545; 	Cancer Research Tech	DTP-110 	Wnt	
1390	315-30-0	allopurinol	BW-56-158	allopurinol; BW-56-158; 	GlaxoSmithKline	DTP-103 	Xanthine Oxidase	
794443	1642300-52-4		KPT-8602	KPT-8602;	Karyopharm	DTP-110	XPO1	
